{
  "model": {
    "type": "minecraft:range_dispatch",
    "property": "minecraft:custom_model_data",
    "index": 0,
    "fallback": {
      "type": "minecraft:model",
      "model": "wasd:item/swords/copper1"
    },

    "entries": [
      {"model": {"type": "minecraft:model","model": "wasd:item/chairs/default/wooden/oak"},"threshold": 6372001},
      {"model": {"type": "minecraft:model","model": "wasd:item/chairs/default/wooden/birch"},"threshold": 6372002},
      {"model": {"type": "minecraft:model","model": "wasd:item/chairs/default/wooden/spruce"},"threshold": 6372003},
      {"model": {"type": "minecraft:model","model": "wasd:item/chairs/default/wooden/jungle"},"threshold": 6372004},
      {"model": {"type": "minecraft:model","model": "wasd:item/chairs/default/wooden/acacia"},"threshold": 6372005},
      {"model": {"type": "minecraft:model","model": "wasd:item/chairs/default/wooden/dark_oak"},"threshold": 6372006},
      {"model": {"type": "minecraft:model","model": "wasd:item/chairs/default/wooden/mangrove"},"threshold": 6372007},
      {"model": {"type": "minecraft:model","model": "wasd:item/chairs/default/wooden/cherry"},"threshold": 6372008},
      {"model": {"type": "minecraft:model","model": "wasd:item/chairs/default/wooden/crimson"},"threshold": 6372009},
      {"model": {"type": "minecraft:model","model": "wasd:item/chairs/default/wooden/warped"},"threshold": 6372010},
      {"model": {"type": "minecraft:model","model": "wasd:item/chairs/default/wooden/bamboo"},"threshold": 6372011},
      {"model": {"type": "minecraft:model","model": "wasd:item/chairs/default/wooden/stripped/oak"},"threshold": 6372012},
      {"model": {"type": "minecraft:model","model": "wasd:item/chairs/default/wooden/stripped/birch"},"threshold": 6372013},
      {"model": {"type": "minecraft:model","model": "wasd:item/chairs/default/wooden/stripped/spruce"},"threshold": 6372014},
      {"model": {"type": "minecraft:model","model": "wasd:item/chairs/default/wooden/stripped/jungle"},"threshold": 6372015},
      {"model": {"type": "minecraft:model","model": "wasd:item/chairs/default/wooden/stripped/acacia"},"threshold": 6372016},
      {"model": {"type": "minecraft:model","model": "wasd:item/chairs/default/wooden/stripped/dark_oak"},"threshold": 6372017},
      {"model": {"type": "minecraft:model","model": "wasd:item/chairs/default/wooden/stripped/mangrove"},"threshold": 6372018},
      {"model": {"type": "minecraft:model","model": "wasd:item/chairs/default/wooden/stripped/cherry"},"threshold": 6372019},
      {"model": {"type": "minecraft:model","model": "wasd:item/chairs/default/wooden/stripped/crimson"},"threshold": 6372020},
      {"model": {"type": "minecraft:model","model": "wasd:item/chairs/default/wooden/stripped/warped"},"threshold": 6372021},
      {"model": {"type": "minecraft:model","model": "wasd:item/chairs/default/wooden/stripped/bamboo"},"threshold": 6372022},
      {"model": {"type": "minecraft:model","model": "wasd:item/chairs/default/stone"},"threshold": 6372023},
      {"model": {"type": "minecraft:model","model": "wasd:item/chairs/default/cobblestone"},"threshold": 6372024},
      {"model": {"type": "minecraft:model","model": "wasd:item/chairs/default/stone_brick"},"threshold": 6372025},
      {"model": {"type": "minecraft:model","model": "wasd:item/chairs/default/granite"},"threshold": 6372026},
      {"model": {"type": "minecraft:model","model": "wasd:item/chairs/default/diorite"},"threshold": 6372027},
      {"model": {"type": "minecraft:model","model": "wasd:item/chairs/default/andesite"},"threshold": 6372028},
      {"model": {"type": "minecraft:model","model": "wasd:item/chairs/default/deepslate"},"threshold": 6372029},
      {"model": {"type": "minecraft:model","model": "wasd:item/chairs/default/deepslate_brick"},"threshold": 6372030},
      {"model": {"type": "minecraft:model","model": "wasd:item/chairs/default/brick"},"threshold": 6372031},
      {"model": {"type": "minecraft:model","model": "wasd:item/chairs/default/mud"},"threshold": 6372032},
      {"model": {"type": "minecraft:model","model": "wasd:item/chairs/default/sandstone"},"threshold": 6372033},
      {"model": {"type": "minecraft:model","model": "wasd:item/chairs/default/red_sandstone"},"threshold": 6372034},
      {"model": {"type": "minecraft:model","model": "wasd:item/chairs/default/prismarine"},"threshold": 6372035},
      {"model": {"type": "minecraft:model","model": "wasd:item/chairs/default/dark_prismarine"},"threshold": 6372036},
      {"model": {"type": "minecraft:model","model": "wasd:item/chairs/default/nether_brick"},"threshold": 6372037},
      {"model": {"type": "minecraft:model","model": "wasd:item/chairs/default/blackstone"},"threshold": 6372038},
      {"model": {"type": "minecraft:model","model": "wasd:item/chairs/default/blackstone_brick"},"threshold": 6372039},
      {"model": {"type": "minecraft:model","model": "wasd:item/chairs/default/end_stone"},"threshold": 6372040},
      {"model": {"type": "minecraft:model","model": "wasd:item/chairs/default/purpur"},"threshold": 6372041},
      {"model": {"type": "minecraft:model","model": "wasd:item/chairs/default/quartz"},"threshold": 6372042},
      {"model": {"type": "minecraft:model","model": "wasd:item/chairs/default/copper"},"threshold": 6372043},
      {"model": {"type": "minecraft:model","model": "wasd:item/chairs/default/exposed_copper"},"threshold": 6372044},
      {"model": {"type": "minecraft:model","model": "wasd:item/chairs/default/weathered_copper"},"threshold": 6372045},
      {"model": {"type": "minecraft:model","model": "wasd:item/chairs/default/oxidized_copper"},"threshold": 6372046},
      {"model": {"type": "minecraft:model","model": "wasd:item/chairs/default/iron"},"threshold": 6372047},
      {"model": {"type": "minecraft:model","model": "wasd:item/chairs/default/gold"},"threshold": 6372048},
      {"model": {"type": "minecraft:model","model": "wasd:item/chairs/default/redstone"},"threshold": 6372049},
      {"model": {"type": "minecraft:model","model": "wasd:item/chairs/default/emerald"},"threshold": 6372050},
      {"model": {"type": "minecraft:model","model": "wasd:item/chairs/default/lapis"},"threshold": 6372051},
      {"model": {"type": "minecraft:model","model": "wasd:item/chairs/default/diamond"},"threshold": 6372052},
      {"model": {"type": "minecraft:model","model": "wasd:item/chairs/default/amethyst"},"threshold": 6372053},
      {"model": {"type": "minecraft:model","model": "wasd:item/chairs/default/basalt"},"threshold": 6372054},
      {"model": {"type": "minecraft:model","model": "wasd:item/chairs/default/netherite"},"threshold": 6372055},
      {"model": {"type": "minecraft:model","model": "wasd:item/chairs/default/coal"},"threshold": 6372056},
      {"model": {"type": "minecraft:model","model": "wasd:item/chairs/default/calcite"},"threshold": 6372057},
      {"model": {"type": "minecraft:model","model": "wasd:item/chairs/default/tuff"},"threshold": 6372058},
      {"model": {"type": "minecraft:model","model": "wasd:item/chairs/default/dripstone"},"threshold": 6372059},
      {"model": {"type": "minecraft:model","model": "wasd:item/chairs/default/magma_block"},"threshold": 6372060},
      {"model": {"type": "minecraft:model","model": "wasd:item/chairs/default/obsidian"},"threshold": 6372061},
      {"model": {"type": "minecraft:model","model": "wasd:item/chairs/default/bone"},"threshold": 6372062},
      {"model": {"type": "minecraft:model","model": "wasd:item/chairs/default/ice"},"threshold": 6372063},
      {"model": {"type": "minecraft:model","model": "wasd:item/chairs/default/snow"},"threshold": 6372064},
      {"model": {"type": "minecraft:model","model": "wasd:item/chairs/default/moss"},"threshold": 6372065},
      {"model": {"type": "minecraft:model","model": "wasd:item/chairs/default/brown_mushroom"},"threshold": 6372066},
      {"model": {"type": "minecraft:model","model": "wasd:item/chairs/default/red_mushroom"},"threshold": 6372067},
      {"model": {"type": "minecraft:model","model": "wasd:item/chairs/default/crimson_nylium"},"threshold": 6372068},
      {"model": {"type": "minecraft:model","model": "wasd:item/chairs/default/warped_nylium"},"threshold": 6372069},
      {"model": {"type": "minecraft:model","model": "wasd:item/chairs/default/sponge"},"threshold": 6372070},
      {"model": {"type": "minecraft:model","model": "wasd:item/chairs/default/hay"},"threshold": 6372071},
      {"model": {"type": "minecraft:model","model": "wasd:item/chairs/default/slime"},"threshold": 6372072},
      {"model": {"type": "minecraft:model","model": "wasd:item/chairs/default/honey"},"threshold": 6372073},
      {"model": {"type": "minecraft:model","model": "wasd:item/chairs/default/sculk"},"threshold": 6372074},

      {"model": {"type": "minecraft:model","model": "wasd:item/chairs/default_detailed/wooden/oak"},"threshold": 6372101},
      {"model": {"type": "minecraft:model","model": "wasd:item/chairs/default_detailed/wooden/birch"},"threshold": 6372102},
      {"model": {"type": "minecraft:model","model": "wasd:item/chairs/default_detailed/wooden/spruce"},"threshold": 6372103},
      {"model": {"type": "minecraft:model","model": "wasd:item/chairs/default_detailed/wooden/jungle"},"threshold": 6372104},
      {"model": {"type": "minecraft:model","model": "wasd:item/chairs/default_detailed/wooden/acacia"},"threshold": 6372105},
      {"model": {"type": "minecraft:model","model": "wasd:item/chairs/default_detailed/wooden/dark_oak"},"threshold": 6372106},
      {"model": {"type": "minecraft:model","model": "wasd:item/chairs/default_detailed/wooden/mangrove"},"threshold": 6372107},
      {"model": {"type": "minecraft:model","model": "wasd:item/chairs/default_detailed/wooden/cherry"},"threshold": 6372108},
      {"model": {"type": "minecraft:model","model": "wasd:item/chairs/default_detailed/wooden/crimson"},"threshold": 6372109},
      {"model": {"type": "minecraft:model","model": "wasd:item/chairs/default_detailed/wooden/warped"},"threshold": 6372110},
      {"model": {"type": "minecraft:model","model": "wasd:item/chairs/default_detailed/wooden/bamboo"},"threshold": 6372111},
      {"model": {"type": "minecraft:model","model": "wasd:item/chairs/default_detailed/wooden/stripped/oak"},"threshold": 6372112},
      {"model": {"type": "minecraft:model","model": "wasd:item/chairs/default_detailed/wooden/stripped/birch"},"threshold": 6372113},
      {"model": {"type": "minecraft:model","model": "wasd:item/chairs/default_detailed/wooden/stripped/spruce"},"threshold": 6372114},
      {"model": {"type": "minecraft:model","model": "wasd:item/chairs/default_detailed/wooden/stripped/jungle"},"threshold": 6372115},
      {"model": {"type": "minecraft:model","model": "wasd:item/chairs/default_detailed/wooden/stripped/acacia"},"threshold": 6372116},
      {"model": {"type": "minecraft:model","model": "wasd:item/chairs/default_detailed/wooden/stripped/dark_oak"},"threshold": 6372117},
      {"model": {"type": "minecraft:model","model": "wasd:item/chairs/default_detailed/wooden/stripped/mangrove"},"threshold": 6372118},
      {"model": {"type": "minecraft:model","model": "wasd:item/chairs/default_detailed/wooden/stripped/cherry"},"threshold": 6372119},
      {"model": {"type": "minecraft:model","model": "wasd:item/chairs/default_detailed/wooden/stripped/crimson"},"threshold": 6372120},
      {"model": {"type": "minecraft:model","model": "wasd:item/chairs/default_detailed/wooden/stripped/warped"},"threshold": 6372121},
      {"model": {"type": "minecraft:model","model": "wasd:item/chairs/default_detailed/wooden/stripped/bamboo"},"threshold": 6372122},
      {"model": {"type": "minecraft:model","model": "wasd:item/chairs/default_detailed/stone"},"threshold": 6372123},
      {"model": {"type": "minecraft:model","model": "wasd:item/chairs/default_detailed/cobblestone"},"threshold": 6372124},
      {"model": {"type": "minecraft:model","model": "wasd:item/chairs/default_detailed/stone_brick"},"threshold": 6372125},
      {"model": {"type": "minecraft:model","model": "wasd:item/chairs/default_detailed/granite"},"threshold": 6372126},
      {"model": {"type": "minecraft:model","model": "wasd:item/chairs/default_detailed/diorite"},"threshold": 6372127},
      {"model": {"type": "minecraft:model","model": "wasd:item/chairs/default_detailed/andesite"},"threshold": 6372128},
      {"model": {"type": "minecraft:model","model": "wasd:item/chairs/default_detailed/deepslate"},"threshold": 6372129},
      {"model": {"type": "minecraft:model","model": "wasd:item/chairs/default_detailed/deepslate_brick"},"threshold": 6372130},
      {"model": {"type": "minecraft:model","model": "wasd:item/chairs/default_detailed/brick"},"threshold": 6372131},
      {"model": {"type": "minecraft:model","model": "wasd:item/chairs/default_detailed/mud"},"threshold": 6372132},
      {"model": {"type": "minecraft:model","model": "wasd:item/chairs/default_detailed/sandstone"},"threshold": 6372133},
      {"model": {"type": "minecraft:model","model": "wasd:item/chairs/default_detailed/red_sandstone"},"threshold": 6372134},
      {"model": {"type": "minecraft:model","model": "wasd:item/chairs/default_detailed/prismarine"},"threshold": 6372135},
      {"model": {"type": "minecraft:model","model": "wasd:item/chairs/default_detailed/dark_prismarine"},"threshold": 6372136},
      {"model": {"type": "minecraft:model","model": "wasd:item/chairs/default_detailed/nether_brick"},"threshold": 6372137},
      {"model": {"type": "minecraft:model","model": "wasd:item/chairs/default_detailed/blackstone"},"threshold": 6372138},
      {"model": {"type": "minecraft:model","model": "wasd:item/chairs/default_detailed/blackstone_brick"},"threshold": 6372139},
      {"model": {"type": "minecraft:model","model": "wasd:item/chairs/default_detailed/end_stone"},"threshold": 6372140},
      {"model": {"type": "minecraft:model","model": "wasd:item/chairs/default_detailed/purpur"},"threshold": 6372141},
      {"model": {"type": "minecraft:model","model": "wasd:item/chairs/default_detailed/quartz"},"threshold": 6372142},
      {"model": {"type": "minecraft:model","model": "wasd:item/chairs/default_detailed/copper"},"threshold": 6372143},
      {"model": {"type": "minecraft:model","model": "wasd:item/chairs/default_detailed/exposed_copper"},"threshold": 6372144},
      {"model": {"type": "minecraft:model","model": "wasd:item/chairs/default_detailed/weathered_copper"},"threshold": 6372145},
      {"model": {"type": "minecraft:model","model": "wasd:item/chairs/default_detailed/oxidized_copper"},"threshold": 6372146},
      {"model": {"type": "minecraft:model","model": "wasd:item/chairs/default_detailed/iron"},"threshold": 6372147},
      {"model": {"type": "minecraft:model","model": "wasd:item/chairs/default_detailed/gold"},"threshold": 6372148},
      {"model": {"type": "minecraft:model","model": "wasd:item/chairs/default_detailed/redstone"},"threshold": 6372149},
      {"model": {"type": "minecraft:model","model": "wasd:item/chairs/default_detailed/emerald"},"threshold": 6372150},
      {"model": {"type": "minecraft:model","model": "wasd:item/chairs/default_detailed/lapis"},"threshold": 6372151},
      {"model": {"type": "minecraft:model","model": "wasd:item/chairs/default_detailed/diamond"},"threshold": 6372152},
      {"model": {"type": "minecraft:model","model": "wasd:item/chairs/default_detailed/amethyst"},"threshold": 6372153},
      {"model": {"type": "minecraft:model","model": "wasd:item/chairs/default_detailed/basalt"},"threshold": 6372154},
      {"model": {"type": "minecraft:model","model": "wasd:item/chairs/default_detailed/netherite"},"threshold": 6372155},
      {"model": {"type": "minecraft:model","model": "wasd:item/chairs/default_detailed/coal"},"threshold": 6372156},
      {"model": {"type": "minecraft:model","model": "wasd:item/chairs/default_detailed/calcite"},"threshold": 6372157},
      {"model": {"type": "minecraft:model","model": "wasd:item/chairs/default_detailed/tuff"},"threshold": 6372158},
      {"model": {"type": "minecraft:model","model": "wasd:item/chairs/default_detailed/dripstone"},"threshold": 6372159},
      {"model": {"type": "minecraft:model","model": "wasd:item/chairs/default_detailed/magma_block"},"threshold": 6372160},
      {"model": {"type": "minecraft:model","model": "wasd:item/chairs/default_detailed/obsidian"},"threshold": 6372161},
      {"model": {"type": "minecraft:model","model": "wasd:item/chairs/default_detailed/bone"},"threshold": 6372162},
      {"model": {"type": "minecraft:model","model": "wasd:item/chairs/default_detailed/ice"},"threshold": 6372163},
      {"model": {"type": "minecraft:model","model": "wasd:item/chairs/default_detailed/snow"},"threshold": 6372164},
      {"model": {"type": "minecraft:model","model": "wasd:item/chairs/default_detailed/moss"},"threshold": 6372165},
      {"model": {"type": "minecraft:model","model": "wasd:item/chairs/default_detailed/brown_mushroom"},"threshold": 6372166},
      {"model": {"type": "minecraft:model","model": "wasd:item/chairs/default_detailed/red_mushroom"},"threshold": 6372167},
      {"model": {"type": "minecraft:model","model": "wasd:item/chairs/default_detailed/crimson_nylium"},"threshold": 6372168},
      {"model": {"type": "minecraft:model","model": "wasd:item/chairs/default_detailed/warped_nylium"},"threshold": 6372169},
      {"model": {"type": "minecraft:model","model": "wasd:item/chairs/default_detailed/sponge"},"threshold": 6372170},
      {"model": {"type": "minecraft:model","model": "wasd:item/chairs/default_detailed/hay"},"threshold": 6372171},
      {"model": {"type": "minecraft:model","model": "wasd:item/chairs/default_detailed/slime"},"threshold": 6372172},
      {"model": {"type": "minecraft:model","model": "wasd:item/chairs/default_detailed/honey"},"threshold": 6372173},
      {"model": {"type": "minecraft:model","model": "wasd:item/chairs/default_detailed/sculk"},"threshold": 6372174},

      {"model": {"type": "minecraft:model","model": "wasd:item/chairs/minimal/wooden/oak"},"threshold": 6372201},
      {"model": {"type": "minecraft:model","model": "wasd:item/chairs/minimal/wooden/birch"},"threshold": 6372202},
      {"model": {"type": "minecraft:model","model": "wasd:item/chairs/minimal/wooden/spruce"},"threshold": 6372203},
      {"model": {"type": "minecraft:model","model": "wasd:item/chairs/minimal/wooden/jungle"},"threshold": 6372204},
      {"model": {"type": "minecraft:model","model": "wasd:item/chairs/minimal/wooden/acacia"},"threshold": 6372205},
      {"model": {"type": "minecraft:model","model": "wasd:item/chairs/minimal/wooden/dark_oak"},"threshold": 6372206},
      {"model": {"type": "minecraft:model","model": "wasd:item/chairs/minimal/wooden/mangrove"},"threshold": 6372207},
      {"model": {"type": "minecraft:model","model": "wasd:item/chairs/minimal/wooden/cherry"},"threshold": 6372208},
      {"model": {"type": "minecraft:model","model": "wasd:item/chairs/minimal/wooden/crimson"},"threshold": 6372209},
      {"model": {"type": "minecraft:model","model": "wasd:item/chairs/minimal/wooden/warped"},"threshold": 6372210},
      {"model": {"type": "minecraft:model","model": "wasd:item/chairs/minimal/wooden/bamboo"},"threshold": 6372211},
      {"model": {"type": "minecraft:model","model": "wasd:item/chairs/minimal/wooden/stripped/oak"},"threshold": 6372212},
      {"model": {"type": "minecraft:model","model": "wasd:item/chairs/minimal/wooden/stripped/birch"},"threshold": 6372213},
      {"model": {"type": "minecraft:model","model": "wasd:item/chairs/minimal/wooden/stripped/spruce"},"threshold": 6372214},
      {"model": {"type": "minecraft:model","model": "wasd:item/chairs/minimal/wooden/stripped/jungle"},"threshold": 6372215},
      {"model": {"type": "minecraft:model","model": "wasd:item/chairs/minimal/wooden/stripped/acacia"},"threshold": 6372216},
      {"model": {"type": "minecraft:model","model": "wasd:item/chairs/minimal/wooden/stripped/dark_oak"},"threshold": 6372217},
      {"model": {"type": "minecraft:model","model": "wasd:item/chairs/minimal/wooden/stripped/mangrove"},"threshold": 6372218},
      {"model": {"type": "minecraft:model","model": "wasd:item/chairs/minimal/wooden/stripped/cherry"},"threshold": 6372219},
      {"model": {"type": "minecraft:model","model": "wasd:item/chairs/minimal/wooden/stripped/crimson"},"threshold": 6372220},
      {"model": {"type": "minecraft:model","model": "wasd:item/chairs/minimal/wooden/stripped/warped"},"threshold": 6372221},
      {"model": {"type": "minecraft:model","model": "wasd:item/chairs/minimal/wooden/stripped/bamboo"},"threshold": 6372222},
      {"model": {"type": "minecraft:model","model": "wasd:item/chairs/minimal/stone"},"threshold": 6372223},
      {"model": {"type": "minecraft:model","model": "wasd:item/chairs/minimal/cobblestone"},"threshold": 6372224},
      {"model": {"type": "minecraft:model","model": "wasd:item/chairs/minimal/stone_brick"},"threshold": 6372225},
      {"model": {"type": "minecraft:model","model": "wasd:item/chairs/minimal/granite"},"threshold": 6372226},
      {"model": {"type": "minecraft:model","model": "wasd:item/chairs/minimal/diorite"},"threshold": 6372227},
      {"model": {"type": "minecraft:model","model": "wasd:item/chairs/minimal/andesite"},"threshold": 6372228},
      {"model": {"type": "minecraft:model","model": "wasd:item/chairs/minimal/deepslate"},"threshold": 6372229},
      {"model": {"type": "minecraft:model","model": "wasd:item/chairs/minimal/deepslate_brick"},"threshold": 6372230},
      {"model": {"type": "minecraft:model","model": "wasd:item/chairs/minimal/brick"},"threshold": 6372231},
      {"model": {"type": "minecraft:model","model": "wasd:item/chairs/minimal/mud"},"threshold": 6372232},
      {"model": {"type": "minecraft:model","model": "wasd:item/chairs/minimal/sandstone"},"threshold": 6372233},
      {"model": {"type": "minecraft:model","model": "wasd:item/chairs/minimal/red_sandstone"},"threshold": 6372234},
      {"model": {"type": "minecraft:model","model": "wasd:item/chairs/minimal/prismarine"},"threshold": 6372235},
      {"model": {"type": "minecraft:model","model": "wasd:item/chairs/minimal/dark_prismarine"},"threshold": 6372236},
      {"model": {"type": "minecraft:model","model": "wasd:item/chairs/minimal/nether_brick"},"threshold": 6372237},
      {"model": {"type": "minecraft:model","model": "wasd:item/chairs/minimal/blackstone"},"threshold": 6372238},
      {"model": {"type": "minecraft:model","model": "wasd:item/chairs/minimal/blackstone_brick"},"threshold": 6372239},
      {"model": {"type": "minecraft:model","model": "wasd:item/chairs/minimal/end_stone"},"threshold": 6372240},
      {"model": {"type": "minecraft:model","model": "wasd:item/chairs/minimal/purpur"},"threshold": 6372241},
      {"model": {"type": "minecraft:model","model": "wasd:item/chairs/minimal/quartz"},"threshold": 6372242},
      {"model": {"type": "minecraft:model","model": "wasd:item/chairs/minimal/copper"},"threshold": 6372243},
      {"model": {"type": "minecraft:model","model": "wasd:item/chairs/minimal/exposed_copper"},"threshold": 6372244},
      {"model": {"type": "minecraft:model","model": "wasd:item/chairs/minimal/weathered_copper"},"threshold": 6372245},
      {"model": {"type": "minecraft:model","model": "wasd:item/chairs/minimal/oxidized_copper"},"threshold": 6372246},
      {"model": {"type": "minecraft:model","model": "wasd:item/chairs/minimal/iron"},"threshold": 6372247},
      {"model": {"type": "minecraft:model","model": "wasd:item/chairs/minimal/gold"},"threshold": 6372248},
      {"model": {"type": "minecraft:model","model": "wasd:item/chairs/minimal/redstone"},"threshold": 6372249},
      {"model": {"type": "minecraft:model","model": "wasd:item/chairs/minimal/emerald"},"threshold": 6372250},
      {"model": {"type": "minecraft:model","model": "wasd:item/chairs/minimal/lapis"},"threshold": 6372251},
      {"model": {"type": "minecraft:model","model": "wasd:item/chairs/minimal/diamond"},"threshold": 6372252},
      {"model": {"type": "minecraft:model","model": "wasd:item/chairs/minimal/amethyst"},"threshold": 6372253},
      {"model": {"type": "minecraft:model","model": "wasd:item/chairs/minimal/basalt"},"threshold": 6372254},
      {"model": {"type": "minecraft:model","model": "wasd:item/chairs/minimal/netherite"},"threshold": 6372255},
      {"model": {"type": "minecraft:model","model": "wasd:item/chairs/minimal/coal"},"threshold": 6372256},
      {"model": {"type": "minecraft:model","model": "wasd:item/chairs/minimal/calcite"},"threshold": 6372257},
      {"model": {"type": "minecraft:model","model": "wasd:item/chairs/minimal/tuff"},"threshold": 6372258},
      {"model": {"type": "minecraft:model","model": "wasd:item/chairs/minimal/dripstone"},"threshold": 6372259},
      {"model": {"type": "minecraft:model","model": "wasd:item/chairs/minimal/magma_block"},"threshold": 6372260},
      {"model": {"type": "minecraft:model","model": "wasd:item/chairs/minimal/obsidian"},"threshold": 6372261},
      {"model": {"type": "minecraft:model","model": "wasd:item/chairs/minimal/bone"},"threshold": 6372262},
      {"model": {"type": "minecraft:model","model": "wasd:item/chairs/minimal/ice"},"threshold": 6372263},
      {"model": {"type": "minecraft:model","model": "wasd:item/chairs/minimal/snow"},"threshold": 6372264},
      {"model": {"type": "minecraft:model","model": "wasd:item/chairs/minimal/moss"},"threshold": 6372265},
      {"model": {"type": "minecraft:model","model": "wasd:item/chairs/minimal/brown_mushroom"},"threshold": 6372266},
      {"model": {"type": "minecraft:model","model": "wasd:item/chairs/minimal/red_mushroom"},"threshold": 6372267},
      {"model": {"type": "minecraft:model","model": "wasd:item/chairs/minimal/crimson_nylium"},"threshold": 6372268},
      {"model": {"type": "minecraft:model","model": "wasd:item/chairs/minimal/warped_nylium"},"threshold": 6372269},
      {"model": {"type": "minecraft:model","model": "wasd:item/chairs/minimal/sponge"},"threshold": 6372270},
      {"model": {"type": "minecraft:model","model": "wasd:item/chairs/minimal/hay"},"threshold": 6372271},
      {"model": {"type": "minecraft:model","model": "wasd:item/chairs/minimal/slime"},"threshold": 6372272},
      {"model": {"type": "minecraft:model","model": "wasd:item/chairs/minimal/honey"},"threshold": 6372273},
      {"model": {"type": "minecraft:model","model": "wasd:item/chairs/minimal/sculk"},"threshold": 6372274},

      {"model": {"type": "minecraft:model","model": "wasd:item/chairs/solid_back/wooden/oak"},"threshold": 6372301},
      {"model": {"type": "minecraft:model","model": "wasd:item/chairs/solid_back/wooden/birch"},"threshold": 6372302},
      {"model": {"type": "minecraft:model","model": "wasd:item/chairs/solid_back/wooden/spruce"},"threshold": 6372303},
      {"model": {"type": "minecraft:model","model": "wasd:item/chairs/solid_back/wooden/jungle"},"threshold": 6372304},
      {"model": {"type": "minecraft:model","model": "wasd:item/chairs/solid_back/wooden/acacia"},"threshold": 6372305},
      {"model": {"type": "minecraft:model","model": "wasd:item/chairs/solid_back/wooden/dark_oak"},"threshold": 6372306},
      {"model": {"type": "minecraft:model","model": "wasd:item/chairs/solid_back/wooden/mangrove"},"threshold": 6372307},
      {"model": {"type": "minecraft:model","model": "wasd:item/chairs/solid_back/wooden/cherry"},"threshold": 6372308},
      {"model": {"type": "minecraft:model","model": "wasd:item/chairs/solid_back/wooden/crimson"},"threshold": 6372309},
      {"model": {"type": "minecraft:model","model": "wasd:item/chairs/solid_back/wooden/warped"},"threshold": 6372310},
      {"model": {"type": "minecraft:model","model": "wasd:item/chairs/solid_back/wooden/bamboo"},"threshold": 6372311},
      {"model": {"type": "minecraft:model","model": "wasd:item/chairs/solid_back/wooden/stripped/oak"},"threshold": 6372312},
      {"model": {"type": "minecraft:model","model": "wasd:item/chairs/solid_back/wooden/stripped/birch"},"threshold": 6372313},
      {"model": {"type": "minecraft:model","model": "wasd:item/chairs/solid_back/wooden/stripped/spruce"},"threshold": 6372314},
      {"model": {"type": "minecraft:model","model": "wasd:item/chairs/solid_back/wooden/stripped/jungle"},"threshold": 6372315},
      {"model": {"type": "minecraft:model","model": "wasd:item/chairs/solid_back/wooden/stripped/acacia"},"threshold": 6372316},
      {"model": {"type": "minecraft:model","model": "wasd:item/chairs/solid_back/wooden/stripped/dark_oak"},"threshold": 6372317},
      {"model": {"type": "minecraft:model","model": "wasd:item/chairs/solid_back/wooden/stripped/mangrove"},"threshold": 6372318},
      {"model": {"type": "minecraft:model","model": "wasd:item/chairs/solid_back/wooden/stripped/cherry"},"threshold": 6372319},
      {"model": {"type": "minecraft:model","model": "wasd:item/chairs/solid_back/wooden/stripped/crimson"},"threshold": 6372320},
      {"model": {"type": "minecraft:model","model": "wasd:item/chairs/solid_back/wooden/stripped/warped"},"threshold": 6372321},
      {"model": {"type": "minecraft:model","model": "wasd:item/chairs/solid_back/wooden/stripped/bamboo"},"threshold": 6372322},
      {"model": {"type": "minecraft:model","model": "wasd:item/chairs/solid_back/stone"},"threshold": 6372323},
      {"model": {"type": "minecraft:model","model": "wasd:item/chairs/solid_back/cobblestone"},"threshold": 6372324},
      {"model": {"type": "minecraft:model","model": "wasd:item/chairs/solid_back/stone_brick"},"threshold": 6372325},
      {"model": {"type": "minecraft:model","model": "wasd:item/chairs/solid_back/granite"},"threshold": 6372326},
      {"model": {"type": "minecraft:model","model": "wasd:item/chairs/solid_back/diorite"},"threshold": 6372327},
      {"model": {"type": "minecraft:model","model": "wasd:item/chairs/solid_back/andesite"},"threshold": 6372328},
      {"model": {"type": "minecraft:model","model": "wasd:item/chairs/solid_back/deepslate"},"threshold": 6372329},
      {"model": {"type": "minecraft:model","model": "wasd:item/chairs/solid_back/deepslate_brick"},"threshold": 6372330},
      {"model": {"type": "minecraft:model","model": "wasd:item/chairs/solid_back/brick"},"threshold": 6372331},
      {"model": {"type": "minecraft:model","model": "wasd:item/chairs/solid_back/mud"},"threshold": 6372332},
      {"model": {"type": "minecraft:model","model": "wasd:item/chairs/solid_back/sandstone"},"threshold": 6372333},
      {"model": {"type": "minecraft:model","model": "wasd:item/chairs/solid_back/red_sandstone"},"threshold": 6372334},
      {"model": {"type": "minecraft:model","model": "wasd:item/chairs/solid_back/prismarine"},"threshold": 6372335},
      {"model": {"type": "minecraft:model","model": "wasd:item/chairs/solid_back/dark_prismarine"},"threshold": 6372336},
      {"model": {"type": "minecraft:model","model": "wasd:item/chairs/solid_back/nether_brick"},"threshold": 6372337},
      {"model": {"type": "minecraft:model","model": "wasd:item/chairs/solid_back/blackstone"},"threshold": 6372338},
      {"model": {"type": "minecraft:model","model": "wasd:item/chairs/solid_back/blackstone_brick"},"threshold": 6372339},
      {"model": {"type": "minecraft:model","model": "wasd:item/chairs/solid_back/end_stone"},"threshold": 6372340},
      {"model": {"type": "minecraft:model","model": "wasd:item/chairs/solid_back/purpur"},"threshold": 6372341},
      {"model": {"type": "minecraft:model","model": "wasd:item/chairs/solid_back/quartz"},"threshold": 6372342},
      {"model": {"type": "minecraft:model","model": "wasd:item/chairs/solid_back/copper"},"threshold": 6372343},
      {"model": {"type": "minecraft:model","model": "wasd:item/chairs/solid_back/exposed_copper"},"threshold": 6372344},
      {"model": {"type": "minecraft:model","model": "wasd:item/chairs/solid_back/weathered_copper"},"threshold": 6372345},
      {"model": {"type": "minecraft:model","model": "wasd:item/chairs/solid_back/oxidized_copper"},"threshold": 6372346},
      {"model": {"type": "minecraft:model","model": "wasd:item/chairs/solid_back/iron"},"threshold": 6372347},
      {"model": {"type": "minecraft:model","model": "wasd:item/chairs/solid_back/gold"},"threshold": 6372348},
      {"model": {"type": "minecraft:model","model": "wasd:item/chairs/solid_back/redstone"},"threshold": 6372349},
      {"model": {"type": "minecraft:model","model": "wasd:item/chairs/solid_back/emerald"},"threshold": 6372350},
      {"model": {"type": "minecraft:model","model": "wasd:item/chairs/solid_back/lapis"},"threshold": 6372351},
      {"model": {"type": "minecraft:model","model": "wasd:item/chairs/solid_back/diamond"},"threshold": 6372352},
      {"model": {"type": "minecraft:model","model": "wasd:item/chairs/solid_back/amethyst"},"threshold": 6372353},
      {"model": {"type": "minecraft:model","model": "wasd:item/chairs/solid_back/basalt"},"threshold": 6372354},
      {"model": {"type": "minecraft:model","model": "wasd:item/chairs/solid_back/netherite"},"threshold": 6372355},
      {"model": {"type": "minecraft:model","model": "wasd:item/chairs/solid_back/coal"},"threshold": 6372356},
      {"model": {"type": "minecraft:model","model": "wasd:item/chairs/solid_back/calcite"},"threshold": 6372357},
      {"model": {"type": "minecraft:model","model": "wasd:item/chairs/solid_back/tuff"},"threshold": 6372358},
      {"model": {"type": "minecraft:model","model": "wasd:item/chairs/solid_back/dripstone"},"threshold": 6372359},
      {"model": {"type": "minecraft:model","model": "wasd:item/chairs/solid_back/magma_block"},"threshold": 6372360},
      {"model": {"type": "minecraft:model","model": "wasd:item/chairs/solid_back/obsidian"},"threshold": 6372361},
      {"model": {"type": "minecraft:model","model": "wasd:item/chairs/solid_back/bone"},"threshold": 6372362},
      {"model": {"type": "minecraft:model","model": "wasd:item/chairs/solid_back/ice"},"threshold": 6372363},
      {"model": {"type": "minecraft:model","model": "wasd:item/chairs/solid_back/snow"},"threshold": 6372364},
      {"model": {"type": "minecraft:model","model": "wasd:item/chairs/solid_back/moss"},"threshold": 6372365},
      {"model": {"type": "minecraft:model","model": "wasd:item/chairs/solid_back/brown_mushroom"},"threshold": 6372366},
      {"model": {"type": "minecraft:model","model": "wasd:item/chairs/solid_back/red_mushroom"},"threshold": 6372367},
      {"model": {"type": "minecraft:model","model": "wasd:item/chairs/solid_back/crimson_nylium"},"threshold": 6372368},
      {"model": {"type": "minecraft:model","model": "wasd:item/chairs/solid_back/warped_nylium"},"threshold": 6372369},
      {"model": {"type": "minecraft:model","model": "wasd:item/chairs/solid_back/sponge"},"threshold": 6372370},
      {"model": {"type": "minecraft:model","model": "wasd:item/chairs/solid_back/hay"},"threshold": 6372371},
      {"model": {"type": "minecraft:model","model": "wasd:item/chairs/solid_back/slime"},"threshold": 6372372},
      {"model": {"type": "minecraft:model","model": "wasd:item/chairs/solid_back/honey"},"threshold": 6372373},
      {"model": {"type": "minecraft:model","model": "wasd:item/chairs/solid_back/sculk"},"threshold": 6372374},

      {"model": {"type": "minecraft:model","model": "wasd:item/chairs/vertical/wooden/oak"},"threshold": 6372401},
      {"model": {"type": "minecraft:model","model": "wasd:item/chairs/vertical/wooden/birch"},"threshold": 6372402},
      {"model": {"type": "minecraft:model","model": "wasd:item/chairs/vertical/wooden/spruce"},"threshold": 6372403},
      {"model": {"type": "minecraft:model","model": "wasd:item/chairs/vertical/wooden/jungle"},"threshold": 6372404},
      {"model": {"type": "minecraft:model","model": "wasd:item/chairs/vertical/wooden/acacia"},"threshold": 6372405},
      {"model": {"type": "minecraft:model","model": "wasd:item/chairs/vertical/wooden/dark_oak"},"threshold": 6372406},
      {"model": {"type": "minecraft:model","model": "wasd:item/chairs/vertical/wooden/mangrove"},"threshold": 6372407},
      {"model": {"type": "minecraft:model","model": "wasd:item/chairs/vertical/wooden/cherry"},"threshold": 6372408},
      {"model": {"type": "minecraft:model","model": "wasd:item/chairs/vertical/wooden/crimson"},"threshold": 6372409},
      {"model": {"type": "minecraft:model","model": "wasd:item/chairs/vertical/wooden/warped"},"threshold": 6372410},
      {"model": {"type": "minecraft:model","model": "wasd:item/chairs/vertical/wooden/bamboo"},"threshold": 6372411},
      {"model": {"type": "minecraft:model","model": "wasd:item/chairs/vertical/wooden/stripped/oak"},"threshold": 6372412},
      {"model": {"type": "minecraft:model","model": "wasd:item/chairs/vertical/wooden/stripped/birch"},"threshold": 6372413},
      {"model": {"type": "minecraft:model","model": "wasd:item/chairs/vertical/wooden/stripped/spruce"},"threshold": 6372414},
      {"model": {"type": "minecraft:model","model": "wasd:item/chairs/vertical/wooden/stripped/jungle"},"threshold": 6372415},
      {"model": {"type": "minecraft:model","model": "wasd:item/chairs/vertical/wooden/stripped/acacia"},"threshold": 6372416},
      {"model": {"type": "minecraft:model","model": "wasd:item/chairs/vertical/wooden/stripped/dark_oak"},"threshold": 6372417},
      {"model": {"type": "minecraft:model","model": "wasd:item/chairs/vertical/wooden/stripped/mangrove"},"threshold": 6372418},
      {"model": {"type": "minecraft:model","model": "wasd:item/chairs/vertical/wooden/stripped/cherry"},"threshold": 6372419},
      {"model": {"type": "minecraft:model","model": "wasd:item/chairs/vertical/wooden/stripped/crimson"},"threshold": 6372420},
      {"model": {"type": "minecraft:model","model": "wasd:item/chairs/vertical/wooden/stripped/warped"},"threshold": 6372421},
      {"model": {"type": "minecraft:model","model": "wasd:item/chairs/vertical/wooden/stripped/bamboo"},"threshold": 6372422},
      {"model": {"type": "minecraft:model","model": "wasd:item/chairs/vertical/stone"},"threshold": 6372423},
      {"model": {"type": "minecraft:model","model": "wasd:item/chairs/vertical/cobblestone"},"threshold": 6372424},
      {"model": {"type": "minecraft:model","model": "wasd:item/chairs/vertical/stone_brick"},"threshold": 6372425},
      {"model": {"type": "minecraft:model","model": "wasd:item/chairs/vertical/granite"},"threshold": 6372426},
      {"model": {"type": "minecraft:model","model": "wasd:item/chairs/vertical/diorite"},"threshold": 6372427},
      {"model": {"type": "minecraft:model","model": "wasd:item/chairs/vertical/andesite"},"threshold": 6372428},
      {"model": {"type": "minecraft:model","model": "wasd:item/chairs/vertical/deepslate"},"threshold": 6372429},
      {"model": {"type": "minecraft:model","model": "wasd:item/chairs/vertical/deepslate_brick"},"threshold": 6372430},
      {"model": {"type": "minecraft:model","model": "wasd:item/chairs/vertical/brick"},"threshold": 6372431},
      {"model": {"type": "minecraft:model","model": "wasd:item/chairs/vertical/mud"},"threshold": 6372432},
      {"model": {"type": "minecraft:model","model": "wasd:item/chairs/vertical/sandstone"},"threshold": 6372433},
      {"model": {"type": "minecraft:model","model": "wasd:item/chairs/vertical/red_sandstone"},"threshold": 6372434},
      {"model": {"type": "minecraft:model","model": "wasd:item/chairs/vertical/prismarine"},"threshold": 6372435},
      {"model": {"type": "minecraft:model","model": "wasd:item/chairs/vertical/dark_prismarine"},"threshold": 6372436},
      {"model": {"type": "minecraft:model","model": "wasd:item/chairs/vertical/nether_brick"},"threshold": 6372437},
      {"model": {"type": "minecraft:model","model": "wasd:item/chairs/vertical/blackstone"},"threshold": 6372438},
      {"model": {"type": "minecraft:model","model": "wasd:item/chairs/vertical/blackstone_brick"},"threshold": 6372439},
      {"model": {"type": "minecraft:model","model": "wasd:item/chairs/vertical/end_stone"},"threshold": 6372440},
      {"model": {"type": "minecraft:model","model": "wasd:item/chairs/vertical/purpur"},"threshold": 6372441},
      {"model": {"type": "minecraft:model","model": "wasd:item/chairs/vertical/quartz"},"threshold": 6372442},
      {"model": {"type": "minecraft:model","model": "wasd:item/chairs/vertical/copper"},"threshold": 6372443},
      {"model": {"type": "minecraft:model","model": "wasd:item/chairs/vertical/exposed_copper"},"threshold": 6372444},
      {"model": {"type": "minecraft:model","model": "wasd:item/chairs/vertical/weathered_copper"},"threshold": 6372445},
      {"model": {"type": "minecraft:model","model": "wasd:item/chairs/vertical/oxidized_copper"},"threshold": 6372446},
      {"model": {"type": "minecraft:model","model": "wasd:item/chairs/vertical/iron"},"threshold": 6372447},
      {"model": {"type": "minecraft:model","model": "wasd:item/chairs/vertical/gold"},"threshold": 6372448},
      {"model": {"type": "minecraft:model","model": "wasd:item/chairs/vertical/redstone"},"threshold": 6372449},
      {"model": {"type": "minecraft:model","model": "wasd:item/chairs/vertical/emerald"},"threshold": 6372450},
      {"model": {"type": "minecraft:model","model": "wasd:item/chairs/vertical/lapis"},"threshold": 6372451},
      {"model": {"type": "minecraft:model","model": "wasd:item/chairs/vertical/diamond"},"threshold": 6372452},
      {"model": {"type": "minecraft:model","model": "wasd:item/chairs/vertical/amethyst"},"threshold": 6372453},
      {"model": {"type": "minecraft:model","model": "wasd:item/chairs/vertical/basalt"},"threshold": 6372454},
      {"model": {"type": "minecraft:model","model": "wasd:item/chairs/vertical/netherite"},"threshold": 6372455},
      {"model": {"type": "minecraft:model","model": "wasd:item/chairs/vertical/coal"},"threshold": 6372456},
      {"model": {"type": "minecraft:model","model": "wasd:item/chairs/vertical/calcite"},"threshold": 6372457},
      {"model": {"type": "minecraft:model","model": "wasd:item/chairs/vertical/tuff"},"threshold": 6372458},
      {"model": {"type": "minecraft:model","model": "wasd:item/chairs/vertical/dripstone"},"threshold": 6372459},
      {"model": {"type": "minecraft:model","model": "wasd:item/chairs/vertical/magma_block"},"threshold": 6372460},
      {"model": {"type": "minecraft:model","model": "wasd:item/chairs/vertical/obsidian"},"threshold": 6372461},
      {"model": {"type": "minecraft:model","model": "wasd:item/chairs/vertical/bone"},"threshold": 6372462},
      {"model": {"type": "minecraft:model","model": "wasd:item/chairs/vertical/ice"},"threshold": 6372463},
      {"model": {"type": "minecraft:model","model": "wasd:item/chairs/vertical/snow"},"threshold": 6372464},
      {"model": {"type": "minecraft:model","model": "wasd:item/chairs/vertical/moss"},"threshold": 6372465},
      {"model": {"type": "minecraft:model","model": "wasd:item/chairs/vertical/brown_mushroom"},"threshold": 6372466},
      {"model": {"type": "minecraft:model","model": "wasd:item/chairs/vertical/red_mushroom"},"threshold": 6372467},
      {"model": {"type": "minecraft:model","model": "wasd:item/chairs/vertical/crimson_nylium"},"threshold": 6372468},
      {"model": {"type": "minecraft:model","model": "wasd:item/chairs/vertical/warped_nylium"},"threshold": 6372469},
      {"model": {"type": "minecraft:model","model": "wasd:item/chairs/vertical/sponge"},"threshold": 6372470},
      {"model": {"type": "minecraft:model","model": "wasd:item/chairs/vertical/hay"},"threshold": 6372471},
      {"model": {"type": "minecraft:model","model": "wasd:item/chairs/vertical/slime"},"threshold": 6372472},
      {"model": {"type": "minecraft:model","model": "wasd:item/chairs/vertical/honey"},"threshold": 6372473},
      {"model": {"type": "minecraft:model","model": "wasd:item/chairs/vertical/sculk"},"threshold": 6372474},

      {"model": {"type": "minecraft:model","model": "wasd:item/chairs/cross/wooden/oak"},"threshold": 6372501},
      {"model": {"type": "minecraft:model","model": "wasd:item/chairs/cross/wooden/birch"},"threshold": 6372502},
      {"model": {"type": "minecraft:model","model": "wasd:item/chairs/cross/wooden/spruce"},"threshold": 6372503},
      {"model": {"type": "minecraft:model","model": "wasd:item/chairs/cross/wooden/jungle"},"threshold": 6372504},
      {"model": {"type": "minecraft:model","model": "wasd:item/chairs/cross/wooden/acacia"},"threshold": 6372505},
      {"model": {"type": "minecraft:model","model": "wasd:item/chairs/cross/wooden/dark_oak"},"threshold": 6372506},
      {"model": {"type": "minecraft:model","model": "wasd:item/chairs/cross/wooden/mangrove"},"threshold": 6372507},
      {"model": {"type": "minecraft:model","model": "wasd:item/chairs/cross/wooden/cherry"},"threshold": 6372508},
      {"model": {"type": "minecraft:model","model": "wasd:item/chairs/cross/wooden/crimson"},"threshold": 6372509},
      {"model": {"type": "minecraft:model","model": "wasd:item/chairs/cross/wooden/warped"},"threshold": 6372510},
      {"model": {"type": "minecraft:model","model": "wasd:item/chairs/cross/wooden/bamboo"},"threshold": 6372511},
      {"model": {"type": "minecraft:model","model": "wasd:item/chairs/cross/wooden/stripped/oak"},"threshold": 6372512},
      {"model": {"type": "minecraft:model","model": "wasd:item/chairs/cross/wooden/stripped/birch"},"threshold": 6372513},
      {"model": {"type": "minecraft:model","model": "wasd:item/chairs/cross/wooden/stripped/spruce"},"threshold": 6372514},
      {"model": {"type": "minecraft:model","model": "wasd:item/chairs/cross/wooden/stripped/jungle"},"threshold": 6372515},
      {"model": {"type": "minecraft:model","model": "wasd:item/chairs/cross/wooden/stripped/acacia"},"threshold": 6372516},
      {"model": {"type": "minecraft:model","model": "wasd:item/chairs/cross/wooden/stripped/dark_oak"},"threshold": 6372517},
      {"model": {"type": "minecraft:model","model": "wasd:item/chairs/cross/wooden/stripped/mangrove"},"threshold": 6372518},
      {"model": {"type": "minecraft:model","model": "wasd:item/chairs/cross/wooden/stripped/cherry"},"threshold": 6372519},
      {"model": {"type": "minecraft:model","model": "wasd:item/chairs/cross/wooden/stripped/crimson"},"threshold": 6372520},
      {"model": {"type": "minecraft:model","model": "wasd:item/chairs/cross/wooden/stripped/warped"},"threshold": 6372521},
      {"model": {"type": "minecraft:model","model": "wasd:item/chairs/cross/wooden/stripped/bamboo"},"threshold": 6372522},
      {"model": {"type": "minecraft:model","model": "wasd:item/chairs/cross/stone"},"threshold": 6372523},
      {"model": {"type": "minecraft:model","model": "wasd:item/chairs/cross/cobblestone"},"threshold": 6372524},
      {"model": {"type": "minecraft:model","model": "wasd:item/chairs/cross/stone_brick"},"threshold": 6372525},
      {"model": {"type": "minecraft:model","model": "wasd:item/chairs/cross/granite"},"threshold": 6372526},
      {"model": {"type": "minecraft:model","model": "wasd:item/chairs/cross/diorite"},"threshold": 6372527},
      {"model": {"type": "minecraft:model","model": "wasd:item/chairs/cross/andesite"},"threshold": 6372528},
      {"model": {"type": "minecraft:model","model": "wasd:item/chairs/cross/deepslate"},"threshold": 6372529},
      {"model": {"type": "minecraft:model","model": "wasd:item/chairs/cross/deepslate_brick"},"threshold": 6372530},
      {"model": {"type": "minecraft:model","model": "wasd:item/chairs/cross/brick"},"threshold": 6372531},
      {"model": {"type": "minecraft:model","model": "wasd:item/chairs/cross/mud"},"threshold": 6372532},
      {"model": {"type": "minecraft:model","model": "wasd:item/chairs/cross/sandstone"},"threshold": 6372533},
      {"model": {"type": "minecraft:model","model": "wasd:item/chairs/cross/red_sandstone"},"threshold": 6372534},
      {"model": {"type": "minecraft:model","model": "wasd:item/chairs/cross/prismarine"},"threshold": 6372535},
      {"model": {"type": "minecraft:model","model": "wasd:item/chairs/cross/dark_prismarine"},"threshold": 6372536},
      {"model": {"type": "minecraft:model","model": "wasd:item/chairs/cross/nether_brick"},"threshold": 6372537},
      {"model": {"type": "minecraft:model","model": "wasd:item/chairs/cross/blackstone"},"threshold": 6372538},
      {"model": {"type": "minecraft:model","model": "wasd:item/chairs/cross/blackstone_brick"},"threshold": 6372539},
      {"model": {"type": "minecraft:model","model": "wasd:item/chairs/cross/end_stone"},"threshold": 6372540},
      {"model": {"type": "minecraft:model","model": "wasd:item/chairs/cross/purpur"},"threshold": 6372541},
      {"model": {"type": "minecraft:model","model": "wasd:item/chairs/cross/quartz"},"threshold": 6372542},
      {"model": {"type": "minecraft:model","model": "wasd:item/chairs/cross/copper"},"threshold": 6372543},
      {"model": {"type": "minecraft:model","model": "wasd:item/chairs/cross/exposed_copper"},"threshold": 6372544},
      {"model": {"type": "minecraft:model","model": "wasd:item/chairs/cross/weathered_copper"},"threshold": 6372545},
      {"model": {"type": "minecraft:model","model": "wasd:item/chairs/cross/oxidized_copper"},"threshold": 6372546},
      {"model": {"type": "minecraft:model","model": "wasd:item/chairs/cross/iron"},"threshold": 6372547},
      {"model": {"type": "minecraft:model","model": "wasd:item/chairs/cross/gold"},"threshold": 6372548},
      {"model": {"type": "minecraft:model","model": "wasd:item/chairs/cross/redstone"},"threshold": 6372549},
      {"model": {"type": "minecraft:model","model": "wasd:item/chairs/cross/emerald"},"threshold": 6372550},
      {"model": {"type": "minecraft:model","model": "wasd:item/chairs/cross/lapis"},"threshold": 6372551},
      {"model": {"type": "minecraft:model","model": "wasd:item/chairs/cross/diamond"},"threshold": 6372552},
      {"model": {"type": "minecraft:model","model": "wasd:item/chairs/cross/amethyst"},"threshold": 6372553},
      {"model": {"type": "minecraft:model","model": "wasd:item/chairs/cross/basalt"},"threshold": 6372554},
      {"model": {"type": "minecraft:model","model": "wasd:item/chairs/cross/netherite"},"threshold": 6372555},
      {"model": {"type": "minecraft:model","model": "wasd:item/chairs/cross/coal"},"threshold": 6372556},
      {"model": {"type": "minecraft:model","model": "wasd:item/chairs/cross/calcite"},"threshold": 6372557},
      {"model": {"type": "minecraft:model","model": "wasd:item/chairs/cross/tuff"},"threshold": 6372558},
      {"model": {"type": "minecraft:model","model": "wasd:item/chairs/cross/dripstone"},"threshold": 6372559},
      {"model": {"type": "minecraft:model","model": "wasd:item/chairs/cross/magma_block"},"threshold": 6372560},
      {"model": {"type": "minecraft:model","model": "wasd:item/chairs/cross/obsidian"},"threshold": 6372561},
      {"model": {"type": "minecraft:model","model": "wasd:item/chairs/cross/bone"},"threshold": 6372562},
      {"model": {"type": "minecraft:model","model": "wasd:item/chairs/cross/ice"},"threshold": 6372563},
      {"model": {"type": "minecraft:model","model": "wasd:item/chairs/cross/snow"},"threshold": 6372564},
      {"model": {"type": "minecraft:model","model": "wasd:item/chairs/cross/moss"},"threshold": 6372565},
      {"model": {"type": "minecraft:model","model": "wasd:item/chairs/cross/brown_mushroom"},"threshold": 6372566},
      {"model": {"type": "minecraft:model","model": "wasd:item/chairs/cross/red_mushroom"},"threshold": 6372567},
      {"model": {"type": "minecraft:model","model": "wasd:item/chairs/cross/crimson_nylium"},"threshold": 6372568},
      {"model": {"type": "minecraft:model","model": "wasd:item/chairs/cross/warped_nylium"},"threshold": 6372569},
      {"model": {"type": "minecraft:model","model": "wasd:item/chairs/cross/sponge"},"threshold": 6372570},
      {"model": {"type": "minecraft:model","model": "wasd:item/chairs/cross/hay"},"threshold": 6372571},
      {"model": {"type": "minecraft:model","model": "wasd:item/chairs/cross/slime"},"threshold": 6372572},
      {"model": {"type": "minecraft:model","model": "wasd:item/chairs/cross/honey"},"threshold": 6372573},
      {"model": {"type": "minecraft:model","model": "wasd:item/chairs/cross/sculk"},"threshold": 6372574},

      {"model": {"type": "minecraft:model","model": "wasd:item/chairs/tall/wooden/oak"},"threshold": 6372601},
      {"model": {"type": "minecraft:model","model": "wasd:item/chairs/tall/wooden/birch"},"threshold": 6372602},
      {"model": {"type": "minecraft:model","model": "wasd:item/chairs/tall/wooden/spruce"},"threshold": 6372603},
      {"model": {"type": "minecraft:model","model": "wasd:item/chairs/tall/wooden/jungle"},"threshold": 6372604},
      {"model": {"type": "minecraft:model","model": "wasd:item/chairs/tall/wooden/acacia"},"threshold": 6372605},
      {"model": {"type": "minecraft:model","model": "wasd:item/chairs/tall/wooden/dark_oak"},"threshold": 6372606},
      {"model": {"type": "minecraft:model","model": "wasd:item/chairs/tall/wooden/mangrove"},"threshold": 6372607},
      {"model": {"type": "minecraft:model","model": "wasd:item/chairs/tall/wooden/cherry"},"threshold": 6372608},
      {"model": {"type": "minecraft:model","model": "wasd:item/chairs/tall/wooden/crimson"},"threshold": 6372609},
      {"model": {"type": "minecraft:model","model": "wasd:item/chairs/tall/wooden/warped"},"threshold": 6372610},
      {"model": {"type": "minecraft:model","model": "wasd:item/chairs/tall/wooden/bamboo"},"threshold": 6372611},
      {"model": {"type": "minecraft:model","model": "wasd:item/chairs/tall/wooden/stripped/oak"},"threshold": 6372612},
      {"model": {"type": "minecraft:model","model": "wasd:item/chairs/tall/wooden/stripped/birch"},"threshold": 6372613},
      {"model": {"type": "minecraft:model","model": "wasd:item/chairs/tall/wooden/stripped/spruce"},"threshold": 6372614},
      {"model": {"type": "minecraft:model","model": "wasd:item/chairs/tall/wooden/stripped/jungle"},"threshold": 6372615},
      {"model": {"type": "minecraft:model","model": "wasd:item/chairs/tall/wooden/stripped/acacia"},"threshold": 6372616},
      {"model": {"type": "minecraft:model","model": "wasd:item/chairs/tall/wooden/stripped/dark_oak"},"threshold": 6372617},
      {"model": {"type": "minecraft:model","model": "wasd:item/chairs/tall/wooden/stripped/mangrove"},"threshold": 6372618},
      {"model": {"type": "minecraft:model","model": "wasd:item/chairs/tall/wooden/stripped/cherry"},"threshold": 6372619},
      {"model": {"type": "minecraft:model","model": "wasd:item/chairs/tall/wooden/stripped/crimson"},"threshold": 6372620},
      {"model": {"type": "minecraft:model","model": "wasd:item/chairs/tall/wooden/stripped/warped"},"threshold": 6372621},
      {"model": {"type": "minecraft:model","model": "wasd:item/chairs/tall/wooden/stripped/bamboo"},"threshold": 6372622},
      {"model": {"type": "minecraft:model","model": "wasd:item/chairs/tall/stone"},"threshold": 6372623},
      {"model": {"type": "minecraft:model","model": "wasd:item/chairs/tall/cobblestone"},"threshold": 6372624},
      {"model": {"type": "minecraft:model","model": "wasd:item/chairs/tall/stone_brick"},"threshold": 6372625},
      {"model": {"type": "minecraft:model","model": "wasd:item/chairs/tall/granite"},"threshold": 6372626},
      {"model": {"type": "minecraft:model","model": "wasd:item/chairs/tall/diorite"},"threshold": 6372627},
      {"model": {"type": "minecraft:model","model": "wasd:item/chairs/tall/andesite"},"threshold": 6372628},
      {"model": {"type": "minecraft:model","model": "wasd:item/chairs/tall/deepslate"},"threshold": 6372629},
      {"model": {"type": "minecraft:model","model": "wasd:item/chairs/tall/deepslate_brick"},"threshold": 6372630},
      {"model": {"type": "minecraft:model","model": "wasd:item/chairs/tall/brick"},"threshold": 6372631},
      {"model": {"type": "minecraft:model","model": "wasd:item/chairs/tall/mud"},"threshold": 6372632},
      {"model": {"type": "minecraft:model","model": "wasd:item/chairs/tall/sandstone"},"threshold": 6372633},
      {"model": {"type": "minecraft:model","model": "wasd:item/chairs/tall/red_sandstone"},"threshold": 6372634},
      {"model": {"type": "minecraft:model","model": "wasd:item/chairs/tall/prismarine"},"threshold": 6372635},
      {"model": {"type": "minecraft:model","model": "wasd:item/chairs/tall/dark_prismarine"},"threshold": 6372636},
      {"model": {"type": "minecraft:model","model": "wasd:item/chairs/tall/nether_brick"},"threshold": 6372637},
      {"model": {"type": "minecraft:model","model": "wasd:item/chairs/tall/blackstone"},"threshold": 6372638},
      {"model": {"type": "minecraft:model","model": "wasd:item/chairs/tall/blackstone_brick"},"threshold": 6372639},
      {"model": {"type": "minecraft:model","model": "wasd:item/chairs/tall/end_stone"},"threshold": 6372640},
      {"model": {"type": "minecraft:model","model": "wasd:item/chairs/tall/purpur"},"threshold": 6372641},
      {"model": {"type": "minecraft:model","model": "wasd:item/chairs/tall/quartz"},"threshold": 6372642},
      {"model": {"type": "minecraft:model","model": "wasd:item/chairs/tall/copper"},"threshold": 6372643},
      {"model": {"type": "minecraft:model","model": "wasd:item/chairs/tall/exposed_copper"},"threshold": 6372644},
      {"model": {"type": "minecraft:model","model": "wasd:item/chairs/tall/weathered_copper"},"threshold": 6372645},
      {"model": {"type": "minecraft:model","model": "wasd:item/chairs/tall/oxidized_copper"},"threshold": 6372646},
      {"model": {"type": "minecraft:model","model": "wasd:item/chairs/tall/iron"},"threshold": 6372647},
      {"model": {"type": "minecraft:model","model": "wasd:item/chairs/tall/gold"},"threshold": 6372648},
      {"model": {"type": "minecraft:model","model": "wasd:item/chairs/tall/redstone"},"threshold": 6372649},
      {"model": {"type": "minecraft:model","model": "wasd:item/chairs/tall/emerald"},"threshold": 6372650},
      {"model": {"type": "minecraft:model","model": "wasd:item/chairs/tall/lapis"},"threshold": 6372651},
      {"model": {"type": "minecraft:model","model": "wasd:item/chairs/tall/diamond"},"threshold": 6372652},
      {"model": {"type": "minecraft:model","model": "wasd:item/chairs/tall/amethyst"},"threshold": 6372653},
      {"model": {"type": "minecraft:model","model": "wasd:item/chairs/tall/basalt"},"threshold": 6372654},
      {"model": {"type": "minecraft:model","model": "wasd:item/chairs/tall/netherite"},"threshold": 6372655},
      {"model": {"type": "minecraft:model","model": "wasd:item/chairs/tall/coal"},"threshold": 6372656},
      {"model": {"type": "minecraft:model","model": "wasd:item/chairs/tall/calcite"},"threshold": 6372657},
      {"model": {"type": "minecraft:model","model": "wasd:item/chairs/tall/tuff"},"threshold": 6372658},
      {"model": {"type": "minecraft:model","model": "wasd:item/chairs/tall/dripstone"},"threshold": 6372659},
      {"model": {"type": "minecraft:model","model": "wasd:item/chairs/tall/magma_block"},"threshold": 6372660},
      {"model": {"type": "minecraft:model","model": "wasd:item/chairs/tall/obsidian"},"threshold": 6372661},
      {"model": {"type": "minecraft:model","model": "wasd:item/chairs/tall/bone"},"threshold": 6372662},
      {"model": {"type": "minecraft:model","model": "wasd:item/chairs/tall/ice"},"threshold": 6372663},
      {"model": {"type": "minecraft:model","model": "wasd:item/chairs/tall/snow"},"threshold": 6372664},
      {"model": {"type": "minecraft:model","model": "wasd:item/chairs/tall/moss"},"threshold": 6372665},
      {"model": {"type": "minecraft:model","model": "wasd:item/chairs/tall/brown_mushroom"},"threshold": 6372666},
      {"model": {"type": "minecraft:model","model": "wasd:item/chairs/tall/red_mushroom"},"threshold": 6372667},
      {"model": {"type": "minecraft:model","model": "wasd:item/chairs/tall/crimson_nylium"},"threshold": 6372668},
      {"model": {"type": "minecraft:model","model": "wasd:item/chairs/tall/warped_nylium"},"threshold": 6372669},
      {"model": {"type": "minecraft:model","model": "wasd:item/chairs/tall/sponge"},"threshold": 6372670},
      {"model": {"type": "minecraft:model","model": "wasd:item/chairs/tall/hay"},"threshold": 6372671},
      {"model": {"type": "minecraft:model","model": "wasd:item/chairs/tall/slime"},"threshold": 6372672},
      {"model": {"type": "minecraft:model","model": "wasd:item/chairs/tall/honey"},"threshold": 6372673},
      {"model": {"type": "minecraft:model","model": "wasd:item/chairs/tall/sculk"},"threshold": 6372674},
  
      {"model": {"type": "minecraft:model","model": "wasd:item/chairs/arm_chair/wooden/oak"},"threshold": 6372701},
      {"model": {"type": "minecraft:model","model": "wasd:item/chairs/arm_chair/wooden/birch"},"threshold": 6372702},
      {"model": {"type": "minecraft:model","model": "wasd:item/chairs/arm_chair/wooden/spruce"},"threshold": 6372703},
      {"model": {"type": "minecraft:model","model": "wasd:item/chairs/arm_chair/wooden/jungle"},"threshold": 6372704},
      {"model": {"type": "minecraft:model","model": "wasd:item/chairs/arm_chair/wooden/acacia"},"threshold": 6372705},
      {"model": {"type": "minecraft:model","model": "wasd:item/chairs/arm_chair/wooden/dark_oak"},"threshold": 6372706},
      {"model": {"type": "minecraft:model","model": "wasd:item/chairs/arm_chair/wooden/mangrove"},"threshold": 6372707},
      {"model": {"type": "minecraft:model","model": "wasd:item/chairs/arm_chair/wooden/cherry"},"threshold": 6372708},
      {"model": {"type": "minecraft:model","model": "wasd:item/chairs/arm_chair/wooden/crimson"},"threshold": 6372709},
      {"model": {"type": "minecraft:model","model": "wasd:item/chairs/arm_chair/wooden/warped"},"threshold": 6372710},
      {"model": {"type": "minecraft:model","model": "wasd:item/chairs/arm_chair/wooden/bamboo"},"threshold": 6372711},
      {"model": {"type": "minecraft:model","model": "wasd:item/chairs/arm_chair/wooden/stripped/oak"},"threshold": 6372712},
      {"model": {"type": "minecraft:model","model": "wasd:item/chairs/arm_chair/wooden/stripped/birch"},"threshold": 6372713},
      {"model": {"type": "minecraft:model","model": "wasd:item/chairs/arm_chair/wooden/stripped/spruce"},"threshold": 6372714},
      {"model": {"type": "minecraft:model","model": "wasd:item/chairs/arm_chair/wooden/stripped/jungle"},"threshold": 6372715},
      {"model": {"type": "minecraft:model","model": "wasd:item/chairs/arm_chair/wooden/stripped/acacia"},"threshold": 6372716},
      {"model": {"type": "minecraft:model","model": "wasd:item/chairs/arm_chair/wooden/stripped/dark_oak"},"threshold": 6372717},
      {"model": {"type": "minecraft:model","model": "wasd:item/chairs/arm_chair/wooden/stripped/mangrove"},"threshold": 6372718},
      {"model": {"type": "minecraft:model","model": "wasd:item/chairs/arm_chair/wooden/stripped/cherry"},"threshold": 6372719},
      {"model": {"type": "minecraft:model","model": "wasd:item/chairs/arm_chair/wooden/stripped/crimson"},"threshold": 6372720},
      {"model": {"type": "minecraft:model","model": "wasd:item/chairs/arm_chair/wooden/stripped/warped"},"threshold": 6372721},
      {"model": {"type": "minecraft:model","model": "wasd:item/chairs/arm_chair/wooden/stripped/bamboo"},"threshold": 6372722},
      {"model": {"type": "minecraft:model","model": "wasd:item/chairs/arm_chair/stone"},"threshold": 6372723},
      {"model": {"type": "minecraft:model","model": "wasd:item/chairs/arm_chair/cobblestone"},"threshold": 6372724},
      {"model": {"type": "minecraft:model","model": "wasd:item/chairs/arm_chair/stone_brick"},"threshold": 6372725},
      {"model": {"type": "minecraft:model","model": "wasd:item/chairs/arm_chair/granite"},"threshold": 6372726},
      {"model": {"type": "minecraft:model","model": "wasd:item/chairs/arm_chair/diorite"},"threshold": 6372727},
      {"model": {"type": "minecraft:model","model": "wasd:item/chairs/arm_chair/andesite"},"threshold": 6372728},
      {"model": {"type": "minecraft:model","model": "wasd:item/chairs/arm_chair/deepslate"},"threshold": 6372729},
      {"model": {"type": "minecraft:model","model": "wasd:item/chairs/arm_chair/deepslate_brick"},"threshold": 6372730},
      {"model": {"type": "minecraft:model","model": "wasd:item/chairs/arm_chair/brick"},"threshold": 6372731},
      {"model": {"type": "minecraft:model","model": "wasd:item/chairs/arm_chair/mud"},"threshold": 6372732},
      {"model": {"type": "minecraft:model","model": "wasd:item/chairs/arm_chair/sandstone"},"threshold": 6372733},
      {"model": {"type": "minecraft:model","model": "wasd:item/chairs/arm_chair/red_sandstone"},"threshold": 6372734},
      {"model": {"type": "minecraft:model","model": "wasd:item/chairs/arm_chair/prismarine"},"threshold": 6372735},
      {"model": {"type": "minecraft:model","model": "wasd:item/chairs/arm_chair/dark_prismarine"},"threshold": 6372736},
      {"model": {"type": "minecraft:model","model": "wasd:item/chairs/arm_chair/nether_brick"},"threshold": 6372737},
      {"model": {"type": "minecraft:model","model": "wasd:item/chairs/arm_chair/blackstone"},"threshold": 6372738},
      {"model": {"type": "minecraft:model","model": "wasd:item/chairs/arm_chair/blackstone_brick"},"threshold": 6372739},
      {"model": {"type": "minecraft:model","model": "wasd:item/chairs/arm_chair/end_stone"},"threshold": 6372740},
      {"model": {"type": "minecraft:model","model": "wasd:item/chairs/arm_chair/purpur"},"threshold": 6372741},
      {"model": {"type": "minecraft:model","model": "wasd:item/chairs/arm_chair/quartz"},"threshold": 6372742},
      {"model": {"type": "minecraft:model","model": "wasd:item/chairs/arm_chair/copper"},"threshold": 6372743},
      {"model": {"type": "minecraft:model","model": "wasd:item/chairs/arm_chair/exposed_copper"},"threshold": 6372744},
      {"model": {"type": "minecraft:model","model": "wasd:item/chairs/arm_chair/weathered_copper"},"threshold": 6372745},
      {"model": {"type": "minecraft:model","model": "wasd:item/chairs/arm_chair/oxidized_copper"},"threshold": 6372746},
      {"model": {"type": "minecraft:model","model": "wasd:item/chairs/arm_chair/iron"},"threshold": 6372747},
      {"model": {"type": "minecraft:model","model": "wasd:item/chairs/arm_chair/gold"},"threshold": 6372748},
      {"model": {"type": "minecraft:model","model": "wasd:item/chairs/arm_chair/redstone"},"threshold": 6372749},
      {"model": {"type": "minecraft:model","model": "wasd:item/chairs/arm_chair/emerald"},"threshold": 6372750},
      {"model": {"type": "minecraft:model","model": "wasd:item/chairs/arm_chair/lapis"},"threshold": 6372751},
      {"model": {"type": "minecraft:model","model": "wasd:item/chairs/arm_chair/diamond"},"threshold": 6372752},
      {"model": {"type": "minecraft:model","model": "wasd:item/chairs/arm_chair/amethyst"},"threshold": 6372753},
      {"model": {"type": "minecraft:model","model": "wasd:item/chairs/arm_chair/basalt"},"threshold": 6372754},
      {"model": {"type": "minecraft:model","model": "wasd:item/chairs/arm_chair/netherite"},"threshold": 6372755},
      {"model": {"type": "minecraft:model","model": "wasd:item/chairs/arm_chair/coal"},"threshold": 6372756},
      {"model": {"type": "minecraft:model","model": "wasd:item/chairs/arm_chair/calcite"},"threshold": 6372757},
      {"model": {"type": "minecraft:model","model": "wasd:item/chairs/arm_chair/tuff"},"threshold": 6372758},
      {"model": {"type": "minecraft:model","model": "wasd:item/chairs/arm_chair/dripstone"},"threshold": 6372759},
      {"model": {"type": "minecraft:model","model": "wasd:item/chairs/arm_chair/magma_block"},"threshold": 6372760},
      {"model": {"type": "minecraft:model","model": "wasd:item/chairs/arm_chair/obsidian"},"threshold": 6372761},
      {"model": {"type": "minecraft:model","model": "wasd:item/chairs/arm_chair/bone"},"threshold": 6372762},
      {"model": {"type": "minecraft:model","model": "wasd:item/chairs/arm_chair/ice"},"threshold": 6372763},
      {"model": {"type": "minecraft:model","model": "wasd:item/chairs/arm_chair/snow"},"threshold": 6372764},
      {"model": {"type": "minecraft:model","model": "wasd:item/chairs/arm_chair/moss"},"threshold": 6372765},
      {"model": {"type": "minecraft:model","model": "wasd:item/chairs/arm_chair/brown_mushroom"},"threshold": 6372766},
      {"model": {"type": "minecraft:model","model": "wasd:item/chairs/arm_chair/red_mushroom"},"threshold": 6372767},
      {"model": {"type": "minecraft:model","model": "wasd:item/chairs/arm_chair/crimson_nylium"},"threshold": 6372768},
      {"model": {"type": "minecraft:model","model": "wasd:item/chairs/arm_chair/warped_nylium"},"threshold": 6372769},
      {"model": {"type": "minecraft:model","model": "wasd:item/chairs/arm_chair/sponge"},"threshold": 6372770},
      {"model": {"type": "minecraft:model","model": "wasd:item/chairs/arm_chair/hay"},"threshold": 6372771},
      {"model": {"type": "minecraft:model","model": "wasd:item/chairs/arm_chair/slime"},"threshold": 6372772},
      {"model": {"type": "minecraft:model","model": "wasd:item/chairs/arm_chair/honey"},"threshold": 6372773},
      {"model": {"type": "minecraft:model","model": "wasd:item/chairs/arm_chair/sculk"},"threshold": 6372774},

      {"model": {"type": "minecraft:model","model": "wasd:item/chairs/stool/wooden/oak"},"threshold": 6372801},
      {"model": {"type": "minecraft:model","model": "wasd:item/chairs/stool/wooden/birch"},"threshold": 6372802},
      {"model": {"type": "minecraft:model","model": "wasd:item/chairs/stool/wooden/spruce"},"threshold": 6372803},
      {"model": {"type": "minecraft:model","model": "wasd:item/chairs/stool/wooden/jungle"},"threshold": 6372804},
      {"model": {"type": "minecraft:model","model": "wasd:item/chairs/stool/wooden/acacia"},"threshold": 6372805},
      {"model": {"type": "minecraft:model","model": "wasd:item/chairs/stool/wooden/dark_oak"},"threshold": 6372806},
      {"model": {"type": "minecraft:model","model": "wasd:item/chairs/stool/wooden/mangrove"},"threshold": 6372807},
      {"model": {"type": "minecraft:model","model": "wasd:item/chairs/stool/wooden/cherry"},"threshold": 6372808},
      {"model": {"type": "minecraft:model","model": "wasd:item/chairs/stool/wooden/crimson"},"threshold": 6372809},
      {"model": {"type": "minecraft:model","model": "wasd:item/chairs/stool/wooden/warped"},"threshold": 6372810},
      {"model": {"type": "minecraft:model","model": "wasd:item/chairs/stool/wooden/bamboo"},"threshold": 6372811},
      {"model": {"type": "minecraft:model","model": "wasd:item/chairs/stool/wooden/stripped/oak"},"threshold": 6372812},
      {"model": {"type": "minecraft:model","model": "wasd:item/chairs/stool/wooden/stripped/birch"},"threshold": 6372813},
      {"model": {"type": "minecraft:model","model": "wasd:item/chairs/stool/wooden/stripped/spruce"},"threshold": 6372814},
      {"model": {"type": "minecraft:model","model": "wasd:item/chairs/stool/wooden/stripped/jungle"},"threshold": 6372815},
      {"model": {"type": "minecraft:model","model": "wasd:item/chairs/stool/wooden/stripped/acacia"},"threshold": 6372816},
      {"model": {"type": "minecraft:model","model": "wasd:item/chairs/stool/wooden/stripped/dark_oak"},"threshold": 6372817},
      {"model": {"type": "minecraft:model","model": "wasd:item/chairs/stool/wooden/stripped/mangrove"},"threshold": 6372818},
      {"model": {"type": "minecraft:model","model": "wasd:item/chairs/stool/wooden/stripped/cherry"},"threshold": 6372819},
      {"model": {"type": "minecraft:model","model": "wasd:item/chairs/stool/wooden/stripped/crimson"},"threshold": 6372820},
      {"model": {"type": "minecraft:model","model": "wasd:item/chairs/stool/wooden/stripped/warped"},"threshold": 6372821},
      {"model": {"type": "minecraft:model","model": "wasd:item/chairs/stool/wooden/stripped/bamboo"},"threshold": 6372822},
      {"model": {"type": "minecraft:model","model": "wasd:item/chairs/stool/stone"},"threshold": 6372823},
      {"model": {"type": "minecraft:model","model": "wasd:item/chairs/stool/cobblestone"},"threshold": 6372824},
      {"model": {"type": "minecraft:model","model": "wasd:item/chairs/stool/stone_brick"},"threshold": 6372825},
      {"model": {"type": "minecraft:model","model": "wasd:item/chairs/stool/granite"},"threshold": 6372826},
      {"model": {"type": "minecraft:model","model": "wasd:item/chairs/stool/diorite"},"threshold": 6372827},
      {"model": {"type": "minecraft:model","model": "wasd:item/chairs/stool/andesite"},"threshold": 6372828},
      {"model": {"type": "minecraft:model","model": "wasd:item/chairs/stool/deepslate"},"threshold": 6372829},
      {"model": {"type": "minecraft:model","model": "wasd:item/chairs/stool/deepslate_brick"},"threshold": 6372830},
      {"model": {"type": "minecraft:model","model": "wasd:item/chairs/stool/brick"},"threshold": 6372831},
      {"model": {"type": "minecraft:model","model": "wasd:item/chairs/stool/mud"},"threshold": 6372832},
      {"model": {"type": "minecraft:model","model": "wasd:item/chairs/stool/sandstone"},"threshold": 6372833},
      {"model": {"type": "minecraft:model","model": "wasd:item/chairs/stool/red_sandstone"},"threshold": 6372834},
      {"model": {"type": "minecraft:model","model": "wasd:item/chairs/stool/prismarine"},"threshold": 6372835},
      {"model": {"type": "minecraft:model","model": "wasd:item/chairs/stool/dark_prismarine"},"threshold": 6372836},
      {"model": {"type": "minecraft:model","model": "wasd:item/chairs/stool/nether_brick"},"threshold": 6372837},
      {"model": {"type": "minecraft:model","model": "wasd:item/chairs/stool/blackstone"},"threshold": 6372838},
      {"model": {"type": "minecraft:model","model": "wasd:item/chairs/stool/blackstone_brick"},"threshold": 6372839},
      {"model": {"type": "minecraft:model","model": "wasd:item/chairs/stool/end_stone"},"threshold": 6372840},
      {"model": {"type": "minecraft:model","model": "wasd:item/chairs/stool/purpur"},"threshold": 6372841},
      {"model": {"type": "minecraft:model","model": "wasd:item/chairs/stool/quartz"},"threshold": 6372842},
      {"model": {"type": "minecraft:model","model": "wasd:item/chairs/stool/copper"},"threshold": 6372843},
      {"model": {"type": "minecraft:model","model": "wasd:item/chairs/stool/exposed_copper"},"threshold": 6372844},
      {"model": {"type": "minecraft:model","model": "wasd:item/chairs/stool/weathered_copper"},"threshold": 6372845},
      {"model": {"type": "minecraft:model","model": "wasd:item/chairs/stool/oxidized_copper"},"threshold": 6372846},
      {"model": {"type": "minecraft:model","model": "wasd:item/chairs/stool/iron"},"threshold": 6372847},
      {"model": {"type": "minecraft:model","model": "wasd:item/chairs/stool/gold"},"threshold": 6372848},
      {"model": {"type": "minecraft:model","model": "wasd:item/chairs/stool/redstone"},"threshold": 6372849},
      {"model": {"type": "minecraft:model","model": "wasd:item/chairs/stool/emerald"},"threshold": 6372850},
      {"model": {"type": "minecraft:model","model": "wasd:item/chairs/stool/lapis"},"threshold": 6372851},
      {"model": {"type": "minecraft:model","model": "wasd:item/chairs/stool/diamond"},"threshold": 6372852},
      {"model": {"type": "minecraft:model","model": "wasd:item/chairs/stool/amethyst"},"threshold": 6372853},
      {"model": {"type": "minecraft:model","model": "wasd:item/chairs/stool/basalt"},"threshold": 6372854},
      {"model": {"type": "minecraft:model","model": "wasd:item/chairs/stool/netherite"},"threshold": 6372855},
      {"model": {"type": "minecraft:model","model": "wasd:item/chairs/stool/coal"},"threshold": 6372856},
      {"model": {"type": "minecraft:model","model": "wasd:item/chairs/stool/calcite"},"threshold": 6372857},
      {"model": {"type": "minecraft:model","model": "wasd:item/chairs/stool/tuff"},"threshold": 6372858},
      {"model": {"type": "minecraft:model","model": "wasd:item/chairs/stool/dripstone"},"threshold": 6372859},
      {"model": {"type": "minecraft:model","model": "wasd:item/chairs/stool/magma_block"},"threshold": 6372860},
      {"model": {"type": "minecraft:model","model": "wasd:item/chairs/stool/obsidian"},"threshold": 6372861},
      {"model": {"type": "minecraft:model","model": "wasd:item/chairs/stool/bone"},"threshold": 6372862},
      {"model": {"type": "minecraft:model","model": "wasd:item/chairs/stool/ice"},"threshold": 6372863},
      {"model": {"type": "minecraft:model","model": "wasd:item/chairs/stool/snow"},"threshold": 6372864},
      {"model": {"type": "minecraft:model","model": "wasd:item/chairs/stool/moss"},"threshold": 6372865},
      {"model": {"type": "minecraft:model","model": "wasd:item/chairs/stool/brown_mushroom"},"threshold": 6372866},
      {"model": {"type": "minecraft:model","model": "wasd:item/chairs/stool/red_mushroom"},"threshold": 6372867},
      {"model": {"type": "minecraft:model","model": "wasd:item/chairs/stool/crimson_nylium"},"threshold": 6372868},
      {"model": {"type": "minecraft:model","model": "wasd:item/chairs/stool/warped_nylium"},"threshold": 6372869},
      {"model": {"type": "minecraft:model","model": "wasd:item/chairs/stool/sponge"},"threshold": 6372870},
      {"model": {"type": "minecraft:model","model": "wasd:item/chairs/stool/hay"},"threshold": 6372871},
      {"model": {"type": "minecraft:model","model": "wasd:item/chairs/stool/slime"},"threshold": 6372872},
      {"model": {"type": "minecraft:model","model": "wasd:item/chairs/stool/honey"},"threshold": 6372873},
      {"model": {"type": "minecraft:model","model": "wasd:item/chairs/stool/sculk"},"threshold": 6372874},

      {"model": {"type": "minecraft:model","model": "wasd:item/chairs/outdoor/wooden/oak"},"threshold": 6372901},
      {"model": {"type": "minecraft:model","model": "wasd:item/chairs/outdoor/wooden/birch"},"threshold": 6372902},
      {"model": {"type": "minecraft:model","model": "wasd:item/chairs/outdoor/wooden/spruce"},"threshold": 6372903},
      {"model": {"type": "minecraft:model","model": "wasd:item/chairs/outdoor/wooden/jungle"},"threshold": 6372904},
      {"model": {"type": "minecraft:model","model": "wasd:item/chairs/outdoor/wooden/acacia"},"threshold": 6372905},
      {"model": {"type": "minecraft:model","model": "wasd:item/chairs/outdoor/wooden/dark_oak"},"threshold": 6372906},
      {"model": {"type": "minecraft:model","model": "wasd:item/chairs/outdoor/wooden/mangrove"},"threshold": 6372907},
      {"model": {"type": "minecraft:model","model": "wasd:item/chairs/outdoor/wooden/cherry"},"threshold": 6372908},
      {"model": {"type": "minecraft:model","model": "wasd:item/chairs/outdoor/wooden/crimson"},"threshold": 6372909},
      {"model": {"type": "minecraft:model","model": "wasd:item/chairs/outdoor/wooden/warped"},"threshold": 6372910},
      {"model": {"type": "minecraft:model","model": "wasd:item/chairs/outdoor/wooden/bamboo"},"threshold": 6372911},
      {"model": {"type": "minecraft:model","model": "wasd:item/chairs/outdoor/wooden/stripped/oak"},"threshold": 6372912},
      {"model": {"type": "minecraft:model","model": "wasd:item/chairs/outdoor/wooden/stripped/birch"},"threshold": 6372913},
      {"model": {"type": "minecraft:model","model": "wasd:item/chairs/outdoor/wooden/stripped/spruce"},"threshold": 6372914},
      {"model": {"type": "minecraft:model","model": "wasd:item/chairs/outdoor/wooden/stripped/jungle"},"threshold": 6372915},
      {"model": {"type": "minecraft:model","model": "wasd:item/chairs/outdoor/wooden/stripped/acacia"},"threshold": 6372916},
      {"model": {"type": "minecraft:model","model": "wasd:item/chairs/outdoor/wooden/stripped/dark_oak"},"threshold": 6372917},
      {"model": {"type": "minecraft:model","model": "wasd:item/chairs/outdoor/wooden/stripped/mangrove"},"threshold": 6372918},
      {"model": {"type": "minecraft:model","model": "wasd:item/chairs/outdoor/wooden/stripped/cherry"},"threshold": 6372919},
      {"model": {"type": "minecraft:model","model": "wasd:item/chairs/outdoor/wooden/stripped/crimson"},"threshold": 6372920},
      {"model": {"type": "minecraft:model","model": "wasd:item/chairs/outdoor/wooden/stripped/warped"},"threshold": 6372921},
      {"model": {"type": "minecraft:model","model": "wasd:item/chairs/outdoor/wooden/stripped/bamboo"},"threshold": 6372922},
      {"model": {"type": "minecraft:model","model": "wasd:item/chairs/outdoor/stone"},"threshold": 6372923},
      {"model": {"type": "minecraft:model","model": "wasd:item/chairs/outdoor/cobblestone"},"threshold": 6372924},
      {"model": {"type": "minecraft:model","model": "wasd:item/chairs/outdoor/stone_brick"},"threshold": 6372925},
      {"model": {"type": "minecraft:model","model": "wasd:item/chairs/outdoor/granite"},"threshold": 6372926},
      {"model": {"type": "minecraft:model","model": "wasd:item/chairs/outdoor/diorite"},"threshold": 6372927},
      {"model": {"type": "minecraft:model","model": "wasd:item/chairs/outdoor/andesite"},"threshold": 6372928},
      {"model": {"type": "minecraft:model","model": "wasd:item/chairs/outdoor/deepslate"},"threshold": 6372929},
      {"model": {"type": "minecraft:model","model": "wasd:item/chairs/outdoor/deepslate_brick"},"threshold": 6372930},
      {"model": {"type": "minecraft:model","model": "wasd:item/chairs/outdoor/brick"},"threshold": 6372931},
      {"model": {"type": "minecraft:model","model": "wasd:item/chairs/outdoor/mud"},"threshold": 6372932},
      {"model": {"type": "minecraft:model","model": "wasd:item/chairs/outdoor/sandstone"},"threshold": 6372933},
      {"model": {"type": "minecraft:model","model": "wasd:item/chairs/outdoor/red_sandstone"},"threshold": 6372934},
      {"model": {"type": "minecraft:model","model": "wasd:item/chairs/outdoor/prismarine"},"threshold": 6372935},
      {"model": {"type": "minecraft:model","model": "wasd:item/chairs/outdoor/dark_prismarine"},"threshold": 6372936},
      {"model": {"type": "minecraft:model","model": "wasd:item/chairs/outdoor/nether_brick"},"threshold": 6372937},
      {"model": {"type": "minecraft:model","model": "wasd:item/chairs/outdoor/blackstone"},"threshold": 6372938},
      {"model": {"type": "minecraft:model","model": "wasd:item/chairs/outdoor/blackstone_brick"},"threshold": 6372939},
      {"model": {"type": "minecraft:model","model": "wasd:item/chairs/outdoor/end_stone"},"threshold": 6372940},
      {"model": {"type": "minecraft:model","model": "wasd:item/chairs/outdoor/purpur"},"threshold": 6372941},
      {"model": {"type": "minecraft:model","model": "wasd:item/chairs/outdoor/quartz"},"threshold": 6372942},
      {"model": {"type": "minecraft:model","model": "wasd:item/chairs/outdoor/copper"},"threshold": 6372943},
      {"model": {"type": "minecraft:model","model": "wasd:item/chairs/outdoor/exposed_copper"},"threshold": 6372944},
      {"model": {"type": "minecraft:model","model": "wasd:item/chairs/outdoor/weathered_copper"},"threshold": 6372945},
      {"model": {"type": "minecraft:model","model": "wasd:item/chairs/outdoor/oxidized_copper"},"threshold": 6372946},
      {"model": {"type": "minecraft:model","model": "wasd:item/chairs/outdoor/iron"},"threshold": 6372947},
      {"model": {"type": "minecraft:model","model": "wasd:item/chairs/outdoor/gold"},"threshold": 6372948},
      {"model": {"type": "minecraft:model","model": "wasd:item/chairs/outdoor/redstone"},"threshold": 6372949},
      {"model": {"type": "minecraft:model","model": "wasd:item/chairs/outdoor/emerald"},"threshold": 6372950},
      {"model": {"type": "minecraft:model","model": "wasd:item/chairs/outdoor/lapis"},"threshold": 6372951},
      {"model": {"type": "minecraft:model","model": "wasd:item/chairs/outdoor/diamond"},"threshold": 6372952},
      {"model": {"type": "minecraft:model","model": "wasd:item/chairs/outdoor/amethyst"},"threshold": 6372953},
      {"model": {"type": "minecraft:model","model": "wasd:item/chairs/outdoor/basalt"},"threshold": 6372954},
      {"model": {"type": "minecraft:model","model": "wasd:item/chairs/outdoor/netherite"},"threshold": 6372955},
      {"model": {"type": "minecraft:model","model": "wasd:item/chairs/outdoor/coal"},"threshold": 6372956},
      {"model": {"type": "minecraft:model","model": "wasd:item/chairs/outdoor/calcite"},"threshold": 6372957},
      {"model": {"type": "minecraft:model","model": "wasd:item/chairs/outdoor/tuff"},"threshold": 6372958},
      {"model": {"type": "minecraft:model","model": "wasd:item/chairs/outdoor/dripstone"},"threshold": 6372959},
      {"model": {"type": "minecraft:model","model": "wasd:item/chairs/outdoor/magma_block"},"threshold": 6372960},
      {"model": {"type": "minecraft:model","model": "wasd:item/chairs/outdoor/obsidian"},"threshold": 6372961},
      {"model": {"type": "minecraft:model","model": "wasd:item/chairs/outdoor/bone"},"threshold": 6372962},
      {"model": {"type": "minecraft:model","model": "wasd:item/chairs/outdoor/ice"},"threshold": 6372963},
      {"model": {"type": "minecraft:model","model": "wasd:item/chairs/outdoor/snow"},"threshold": 6372964},
      {"model": {"type": "minecraft:model","model": "wasd:item/chairs/outdoor/moss"},"threshold": 6372965},
      {"model": {"type": "minecraft:model","model": "wasd:item/chairs/outdoor/brown_mushroom"},"threshold": 6372966},
      {"model": {"type": "minecraft:model","model": "wasd:item/chairs/outdoor/red_mushroom"},"threshold": 6372967},
      {"model": {"type": "minecraft:model","model": "wasd:item/chairs/outdoor/crimson_nylium"},"threshold": 6372968},
      {"model": {"type": "minecraft:model","model": "wasd:item/chairs/outdoor/warped_nylium"},"threshold": 6372969},
      {"model": {"type": "minecraft:model","model": "wasd:item/chairs/outdoor/sponge"},"threshold": 6372970},
      {"model": {"type": "minecraft:model","model": "wasd:item/chairs/outdoor/hay"},"threshold": 6372971},
      {"model": {"type": "minecraft:model","model": "wasd:item/chairs/outdoor/slime"},"threshold": 6372972},
      {"model": {"type": "minecraft:model","model": "wasd:item/chairs/outdoor/honey"},"threshold": 6372973},
      {"model": {"type": "minecraft:model","model": "wasd:item/chairs/outdoor/sculk"},"threshold": 6372974}
    ]
  }
}


