{
	"credit": "Made with Blockbench",
	"parent": "bag",
	"texture_size": [64, 64],
	"textures": {
		"0": "ulg_backpack/camping",
		"particle": "ulg_backpack/camping"
	},
	"elements": [
		{
			"from": [2, 10, 2],
			"to": [14, 18, 10],
			"rotation": {"angle": 0, "axis": "y", "origin": [2, 10, 0]},
			"faces": {
				"north": {"uv": [2, 6, 5, 8], "texture": "#0", "tintindex": 0},
				"east": {"uv": [0, 6, 2, 8], "texture": "#0", "tintindex": 0},
				"south": {"uv": [7, 6, 10, 8], "texture": "#0", "tintindex": 0},
				"west": {"uv": [5, 6, 7, 8], "texture": "#0", "tintindex": 0},
				"up": {"uv": [5, 6, 2, 4], "texture": "#0", "tintindex": 0},
				"down": {"uv": [8, 4, 5, 6], "texture": "#0", "tintindex": 0}
			}
		},
		{
			"from": [4, 0, -0.075],
			"to": [6, 4, -0.075],
			"rotation": {"angle": 0, "axis": "y", "origin": [4, 2, -0.075]},
			"faces": {
				"north": {"uv": [6, 10, 6.5, 11], "texture": "#0", "tintindex": 0},
				"east": {"uv": [6, 10, 6, 11], "texture": "#0", "tintindex": 0},
				"south": {"uv": [6.5, 10, 7, 11], "texture": "#0", "tintindex": 0},
				"west": {"uv": [6.5, 10, 6.5, 11], "texture": "#0", "tintindex": 0},
				"up": {"uv": [6.5, 10, 6, 10], "texture": "#0", "tintindex": 0},
				"down": {"uv": [7, 10, 6.5, 10], "texture": "#0", "tintindex": 0}
			}
		},
		{
			"from": [10, 0, -0.075],
			"to": [12, 4, -0.075],
			"rotation": {"angle": 0, "axis": "y", "origin": [12, 2, -0.075]},
			"faces": {
				"north": {"uv": [10, 6.75, 10.5, 7.75], "texture": "#0", "tintindex": 0},
				"east": {"uv": [10, 6.75, 10, 7.75], "texture": "#0", "tintindex": 0},
				"south": {"uv": [10.5, 6.75, 11, 7.75], "texture": "#0", "tintindex": 0},
				"west": {"uv": [10.5, 6.75, 10.5, 7.75], "texture": "#0", "tintindex": 0},
				"up": {"uv": [10.5, 6.75, 10, 6.75], "texture": "#0", "tintindex": 0},
				"down": {"uv": [11, 6.75, 10.5, 6.75], "texture": "#0", "tintindex": 0}
			}
		},
		{
			"from": [4, 4, -0.075],
			"to": [6, 10, -0.075],
			"rotation": {"angle": 0, "axis": "y", "origin": [4, 8, -0.075]},
			"faces": {
				"north": {"uv": [4.5, 2.5, 5, 4], "texture": "#0", "tintindex": 0},
				"east": {"uv": [6, 10, 6, 11], "texture": "#0", "tintindex": 0},
				"south": {"uv": [6.5, 10, 7, 11], "texture": "#0", "tintindex": 0},
				"west": {"uv": [6.5, 10, 6.5, 11], "texture": "#0", "tintindex": 0},
				"up": {"uv": [6.5, 10, 6, 10], "texture": "#0", "tintindex": 0},
				"down": {"uv": [7, 10, 6.5, 10], "texture": "#0", "tintindex": 0}
			}
		},
		{
			"from": [10, 4, -0.075],
			"to": [12, 10, -0.075],
			"rotation": {"angle": 0, "axis": "y", "origin": [12, 8, -0.075]},
			"faces": {
				"north": {"uv": [3, 2.5, 3.5, 4], "texture": "#0", "tintindex": 0},
				"east": {"uv": [10, 6.75, 10, 7.75], "texture": "#0", "tintindex": 0},
				"south": {"uv": [10.5, 6.75, 11, 7.75], "texture": "#0", "tintindex": 0},
				"west": {"uv": [10.5, 6.75, 10.5, 7.75], "texture": "#0", "tintindex": 0},
				"up": {"uv": [10.5, 6.75, 10, 6.75], "texture": "#0", "tintindex": 0},
				"down": {"uv": [11, 6.75, 10.5, 6.75], "texture": "#0", "tintindex": 0}
			}
		},
		{
			"from": [10, 9.875, -2.075],
			"to": [12, 14.1, 1.95],
			"rotation": {"angle": 0, "axis": "y", "origin": [2, 9, -1.05]},
			"faces": {
				"north": {"uv": [1.75, 9, 2.25, 10], "texture": "#0", "tintindex": 0},
				"east": {"uv": [2.25, 9, 1.75, 8], "texture": "#0", "tintindex": 0},
				"south": {"uv": [2.25, 9, 1.75, 8], "texture": "#0", "tintindex": 0},
				"west": {"uv": [2.25, 9, 1.75, 8], "texture": "#0", "tintindex": 0},
				"up": {"uv": [2.25, 9, 1.75, 8], "texture": "#0", "tintindex": 0},
				"down": {"uv": [2.25, 9, 1.75, 8], "texture": "#0", "tintindex": 0}
			}
		},
		{
			"from": [4, 9.875, -2.075],
			"to": [6, 14.1, 1.95],
			"rotation": {"angle": 0, "axis": "y", "origin": [-4, 9, -1.05]},
			"faces": {
				"north": {"uv": [3.25, 9, 3.75, 10], "texture": "#0", "tintindex": 0},
				"east": {"uv": [2.25, 9, 1.75, 8], "texture": "#0", "tintindex": 0},
				"south": {"uv": [2.25, 9, 1.75, 8], "texture": "#0", "tintindex": 0},
				"west": {"uv": [2.25, 9, 1.75, 8], "texture": "#0", "tintindex": 0},
				"up": {"uv": [3.75, 9, 3.25, 8], "texture": "#0", "tintindex": 0},
				"down": {"uv": [3.75, 9, 3.25, 8], "texture": "#0", "tintindex": 0}
			}
		},
		{
			"from": [12, 9.475, 9.66],
			"to": [13, 12.475, 14.98],
			"rotation": {"angle": 0, "axis": "y", "origin": [13, 8.475, 9.66]},
			"faces": {
				"north": {"uv": [1, 11, 1.25, 14], "texture": "#0", "tintindex": 1},
				"east": {"uv": [0, 13.25, 1, 14], "texture": "#0", "tintindex": 1},
				"south": {"uv": [0, 13.25, 0.25, 14], "texture": "#0", "tintindex": 1},
				"west": {"uv": [0, 13.25, 1, 14], "texture": "#0", "tintindex": 1},
				"up": {"uv": [1.25, 11, 1, 10], "texture": "#0", "tintindex": 1},
				"down": {"uv": [1.5, 10, 1.25, 11], "texture": "#0", "tintindex": 1}
			}
		},
		{
			"from": [12, 12.475, 9.66],
			"to": [13, 17.475, 14.98],
			"rotation": {"angle": 0, "axis": "y", "origin": [13, 4.475, 9.66]},
			"faces": {
				"north": {"uv": [1, 11, 1.25, 14], "texture": "#0", "tintindex": 1},
				"east": {"uv": [0, 11, 1, 12.25], "texture": "#0", "tintindex": 1},
				"south": {"uv": [0, 11, 0.25, 12.25], "texture": "#0", "tintindex": 1},
				"west": {"uv": [0, 11, 1, 12.25], "texture": "#0", "tintindex": 1},
				"up": {"uv": [1.25, 11, 1, 10], "texture": "#0", "tintindex": 1},
				"down": {"uv": [1.5, 10, 1.25, 11], "texture": "#0", "tintindex": 1}
			}
		},
		{
			"from": [4, 12.475, 9.66],
			"to": [5, 17.475, 14.98],
			"rotation": {"angle": 0, "axis": "y", "origin": [5, 4.475, 9.66]},
			"faces": {
				"north": {"uv": [1, 11, 1.25, 14], "texture": "#0", "tintindex": 1},
				"east": {"uv": [0, 11, 1, 12.25], "texture": "#0", "tintindex": 1},
				"south": {"uv": [0, 11, 0.25, 12.25], "texture": "#0", "tintindex": 1},
				"west": {"uv": [0, 11, 1, 12.25], "texture": "#0", "tintindex": 1},
				"up": {"uv": [1.25, 11, 1, 10], "texture": "#0", "tintindex": 1},
				"down": {"uv": [1.5, 10, 1.25, 11], "texture": "#0", "tintindex": 1}
			}
		},
		{
			"from": [4, 9.475, 9.66],
			"to": [5, 12.475, 14.98],
			"rotation": {"angle": 0, "axis": "y", "origin": [5, 8.475, 9.66]},
			"faces": {
				"north": {"uv": [1, 11, 1.25, 14], "texture": "#0", "tintindex": 1},
				"east": {"uv": [0, 13.25, 1, 14], "texture": "#0", "tintindex": 1},
				"south": {"uv": [0, 13.25, 0.25, 14], "texture": "#0", "tintindex": 1},
				"west": {"uv": [0, 13.25, 1, 14], "texture": "#0", "tintindex": 1},
				"up": {"uv": [1.25, 11, 1, 10], "texture": "#0", "tintindex": 1},
				"down": {"uv": [1.5, 10, 1.25, 11], "texture": "#0", "tintindex": 1}
			}
		},
		{
			"from": [2, 4, 0],
			"to": [14, 10, 10],
			"rotation": {"angle": 0, "axis": "y", "origin": [2, 4, 0]},
			"faces": {
				"north": {"uv": [2.5, 2.5, 5.5, 4], "texture": "#0", "tintindex": 2},
				"east": {"uv": [0, 2.5, 2.5, 4], "texture": "#0", "tintindex": 2},
				"south": {"uv": [8, 2.5, 11, 4], "texture": "#0", "tintindex": 2},
				"west": {"uv": [5.5, 2.5, 8, 4], "texture": "#0", "tintindex": 2},
				"up": {"uv": [5.5, 2.5, 2.5, 0], "texture": "#0", "tintindex": 2},
				"down": {"uv": [8.5, 0, 5.5, 2.5], "texture": "#0", "tintindex": 2}
			}
		},
		{
			"name": "right_pocket",
			"from": [0, 4, 5],
			"to": [2, 10, 10],
			"rotation": {"angle": 0, "axis": "y", "origin": [-10, 4, 0]},
			"faces": {
				"north": {"uv": [3.75, 11.25, 4.25, 12.75], "texture": "#0", "tintindex": 3},
				"east": {"uv": [2.5, 11.25, 3.75, 12.75], "texture": "#0", "tintindex": 3},
				"south": {"uv": [5.5, 11.25, 6, 12.75], "texture": "#0", "tintindex": 3},
				"west": {"uv": [4.25, 11.25, 5.5, 12.75], "texture": "#0", "tintindex": 3},
				"up": {"uv": [4.25, 11.25, 3.75, 10], "texture": "#0", "tintindex": 3},
				"down": {"uv": [4.75, 10, 4.25, 11.25], "texture": "#0", "tintindex": 3}
			}
		},
		{
			"name": "left_pocket",
			"from": [14, 4, 5],
			"to": [16, 10, 10],
			"rotation": {"angle": 0, "axis": "y", "origin": [26, 4, 0]},
			"faces": {
				"north": {"uv": [11.25, 5.25, 11.75, 6.75], "texture": "#0", "tintindex": 3},
				"east": {"uv": [10, 5.25, 11.25, 6.75], "texture": "#0", "tintindex": 3},
				"south": {"uv": [13, 5.25, 13.5, 6.75], "texture": "#0", "tintindex": 3},
				"west": {"uv": [11.75, 5.25, 13, 6.75], "texture": "#0", "tintindex": 3},
				"up": {"uv": [11.75, 5.25, 11.25, 4], "texture": "#0", "tintindex": 3},
				"down": {"uv": [12.25, 4, 11.75, 5.25], "texture": "#0", "tintindex": 3}
			}
		},
		{
			"name": "towel",
			"from": [1, 10, -2],
			"to": [15, 14, 2],
			"rotation": {"angle": 0, "axis": "y", "origin": [2, 9, -1]},
			"faces": {
				"north": {"uv": [1, 9, 4.5, 10], "texture": "#0", "tintindex": 4},
				"east": {"uv": [0, 9, 1, 10], "texture": "#0", "tintindex": 4},
				"south": {"uv": [5.5, 9, 9, 10], "texture": "#0", "tintindex": 4},
				"west": {"uv": [4.5, 9, 5.5, 10], "texture": "#0", "tintindex": 4},
				"up": {"uv": [4.5, 9, 1, 8], "texture": "#0", "tintindex": 4},
				"down": {"uv": [8, 8, 4.5, 9], "texture": "#0", "tintindex": 4}
			}
		},
		{
			"name": "detail",
			"from": [4, 15, 1.85],
			"to": [6, 16, 2.85],
			"rotation": {"angle": 0, "axis": "y", "origin": [2, 10, -1.15]},
			"faces": {
				"north": {"uv": [4, 6.5, 4.5, 6.75], "texture": "#0", "tintindex": 5},
				"east": {"uv": [4, 6.5, 4.25, 6.75], "texture": "#0", "tintindex": 5},
				"south": {"uv": [4, 6.5, 4.5, 6.75], "texture": "#0", "tintindex": 5},
				"west": {"uv": [4.25, 6.5, 4.5, 6.75], "texture": "#0", "tintindex": 5},
				"up": {"uv": [4.5, 6.5, 4, 6.75], "texture": "#0", "tintindex": 5},
				"down": {"uv": [4.5, 6.5, 4, 6.75], "texture": "#0", "tintindex": 5}
			}
		},
		{
			"name": "detail",
			"from": [10, 15, 1.85],
			"to": [12, 16, 2.85],
			"rotation": {"angle": 0, "axis": "y", "origin": [14, 10, -1.15]},
			"faces": {
				"north": {"uv": [4.5, 6.5, 4, 6.75], "texture": "#0", "tintindex": 5},
				"east": {"uv": [4.5, 6.5, 4.25, 6.75], "texture": "#0", "tintindex": 5},
				"south": {"uv": [4.5, 6.5, 4, 6.75], "texture": "#0", "tintindex": 5},
				"west": {"uv": [4.25, 6.5, 4, 6.75], "texture": "#0", "tintindex": 5},
				"up": {"uv": [4, 6.5, 4.5, 6.75], "texture": "#0", "tintindex": 5},
				"down": {"uv": [4, 6.5, 4.5, 6.75], "texture": "#0", "tintindex": 5}
			}
		},
		{
			"name": "detail",
			"from": [7, 6, -0.575],
			"to": [9, 8, 9.425],
			"rotation": {"angle": 0, "axis": "y", "origin": [2, 4, -0.575]},
			"faces": {
				"north": {"uv": [3.75, 3, 4.25, 3.5], "texture": "#0", "tintindex": 5},
				"east": {"uv": [3.75, 3, 4, 3.5], "texture": "#0", "tintindex": 5},
				"south": {"uv": [3.75, 3, 4.25, 3.5], "texture": "#0", "tintindex": 5},
				"west": {"uv": [4, 3, 4.25, 3.5], "texture": "#0", "tintindex": 5},
				"up": {"uv": [4.25, 3, 3.75, 3.25], "texture": "#0", "tintindex": 5},
				"down": {"uv": [4.25, 3.25, 3.75, 3.5], "texture": "#0", "tintindex": 5}
			}
		},
		{
			"name": "detail",
			"from": [-0.125, 7, 7],
			"to": [1.875, 9, 8],
			"rotation": {"angle": 0, "axis": "y", "origin": [-10.125, 4, 0]},
			"faces": {
				"north": {"uv": [4.75, 11.5, 5, 12], "texture": "#0", "tintindex": 5},
				"east": {"uv": [4.75, 11.5, 5, 12], "texture": "#0", "tintindex": 5},
				"south": {"uv": [4.75, 11.5, 5, 12], "texture": "#0", "tintindex": 5},
				"west": {"uv": [4.75, 11.5, 5, 12], "texture": "#0", "tintindex": 5},
				"up": {"uv": [4.75, 11.5, 5, 11.75], "texture": "#0", "tintindex": 5},
				"down": {"uv": [4.75, 11.5, 5, 11.75], "texture": "#0", "tintindex": 5}
			}
		},
		{
			"name": "detail",
			"from": [14.125, 7, 7],
			"to": [16.125, 9, 8],
			"rotation": {"angle": 0, "axis": "y", "origin": [26.125, 4, 0]},
			"faces": {
				"north": {"uv": [5, 11.5, 4.75, 12], "texture": "#0", "tintindex": 5},
				"east": {"uv": [5, 11.5, 4.75, 12], "texture": "#0", "tintindex": 5},
				"south": {"uv": [5, 11.5, 4.75, 12], "texture": "#0", "tintindex": 5},
				"west": {"uv": [5, 11.5, 4.75, 12], "texture": "#0", "tintindex": 5},
				"up": {"uv": [5, 11.5, 4.75, 11.75], "texture": "#0", "tintindex": 5},
				"down": {"uv": [5, 11.5, 4.75, 11.75], "texture": "#0", "tintindex": 5}
			}
		}
	],
	"gui_light": "front",
	"display": {
		"thirdperson_righthand": {
			"rotation": [11, 38, 0],
			"scale": [0.5, 0.5, 0.5]
		},
		"thirdperson_lefthand": {
			"rotation": [67, 180, 0],
			"translation": [-6.5, -6, 5.75],
			"scale": [0.7, 0.7, 0.7]
		},
		"firstperson_righthand": {
			"rotation": [29, 23, -10],
			"translation": [3.25, -3.75, -5.25]
		},
		"firstperson_lefthand": {
			"translation": [80, 0, 0]
		},
		"ground": {
			"scale": [0.8, 0.8, 0.8]
		},
		"gui": {
			"rotation": [0, 180, 0],
			"translation": [0, -2.25, 0],
			"scale": [0.9, 0.9, 0.9]
		},
		"head": {
			"translation": [0, -37.75, 1.75],
			"scale": [1.3, 1.3, 1.3]
		},
		"fixed": {
			"translation": [0, -2.75, 0]
		}
	},
	"groups": [
		{
			"name": "body",
			"origin": [2, 10, -1.275],
			"color": 0,
			"children": [0, 1, 2, 3, 4, 5, 6]
		},
		{
			"name": "stripes",
			"origin": [4, 2.475, 9.66],
			"color": 0,
			"children": [7, 8, 9, 10]
		},
		{
			"name": "big_pocket",
			"origin": [4, 2, 0],
			"color": 0,
			"children": [11]
		},
		{
			"name": "side_pockets",
			"origin": [8, 8, 8],
			"color": 0,
			"children": [12, 13]
		},
		{
			"name": "towel",
			"origin": [8, 8, 8],
			"color": 0,
			"children": [14]
		},
		{
			"name": "detail",
			"origin": [8, 8, 8],
			"color": 0,
			"children": [15, 16, 17, 18, 19]
		}
	]
}