{
    "model": {
        "type": "minecraft:select",
        "property": "minecraft:display_context",
        "cases": [
            {
                "when": ["thirdperson_lefthand","firstperson_lefthand","head"],
                "model": {
                    "type": "minecraft:select",
                    "property": "minecraft:custom_model_data",
                    "cases": [
                       {
                          "when": "opened",
                          "model": {
                              "type": "minecraft:model",
                              "model": "ulg:backpack/camping/opened",
                              "tints": [
                                  {
                                      "type": "minecraft:custom_model_data",
                                      "index": 0,
                                      "default": [176,103,24]
                                  },
                                  {
                                      "type": "minecraft:custom_model_data",
                                      "index": 1,
                                      "default": [176,103,24]
                                  },
                                  {
                                      "type": "minecraft:custom_model_data",
                                      "index": 2,
                                      "default": [176,103,24]
                                  },
                                  {
                                      "type": "minecraft:custom_model_data",
                                      "index": 3,
                                      "default": [176,103,24]
                                  },
                                  {
                                      "type": "minecraft:custom_model_data",
                                      "index": 4,
                                      "default": [38,186,103]
                                  },
                                  {
                                      "type": "minecraft:custom_model_data",
                                      "index": 5,
                                      "default": [255,187,7]
                                  }
                              ]
                          }
                       }
                    ],
                    "fallback": {
                      "type": "minecraft:model",
                      "model": "ulg:backpack/camping/closed",
                          "tints": [
                              {
                                  "type": "minecraft:custom_model_data",
                                  "index": 0,
                                  "default": [176,103,24]
                              },
                              {
                                  "type": "minecraft:custom_model_data",
                                  "index": 1,
                                  "default": [176,103,24]
                              },
                              {
                                  "type": "minecraft:custom_model_data",
                                  "index": 2,
                                  "default": [176,103,24]
                              },
                              {
                                  "type": "minecraft:custom_model_data",
                                  "index": 3,
                                  "default": [176,103,24]
                              },
                              {
                                  "type": "minecraft:custom_model_data",
                                  "index": 4,
                                  "default": [38,186,103]
                              },
                              {
                                  "type": "minecraft:custom_model_data",
                                  "index": 5,
                                  "default": [255,187,7]
                              }
                          ]
                    }
                  }
                }
            ],
            "fallback": {
                "type": "minecraft:model",
                "model": "ulg:backpack/camping/item",
                "tints": [
                    {
                        "type": "minecraft:custom_model_data",
                        "index": 0,
                        "default": [176,103,24]
                    },
                    {
                        "type": "minecraft:custom_model_data",
                        "index": 2,
                        "default": [176,103,24]
                    },
                    {
                        "type": "minecraft:custom_model_data",
                        "index": 4,
                        "default": [107, 143, 51]
                    },
                    {
                        "type": "minecraft:custom_model_data",
                        "index": 5,
                        "default": [255, 215, 0]
                    }
                ]
            }
        }
  }