{
    "model": {
        "type": "minecraft:select",
        "property": "minecraft:display_context",
        "cases": [
            {
                "when": ["thirdperson_lefthand","firstperson_lefthand","head"],
                "model": {
                    "type": "minecraft:select",
                    "property": "minecraft:custom_model_data",
                    "cases": [
                        {
                            "when": "opened",
                            "model": {
                                "type": "minecraft:model",
                                "model": "ulg:backpack/rainbow/opened"
                            }
                        }
                    ],
                    "fallback": {
                        "type": "minecraft:model",
                        "model": "ulg:backpack/rainbow/closed"
                        }
                    }
                }
            ],
            "fallback": {
                "type": "minecraft:model",
                "model": "ulg:backpack/rainbow/item"
            }
        }
  }