{
    "credit": "Made with Blockbench",
    "textures": {
        "backpack": "ulg_backpack/explorer"
    },
    "elements": [
        {
            "from": [
                3.015,
                13.385,
                18.065
            ],
            "to": [
                5.025,
                14.39,
                19.07
            ],
            "rotation": {
                "angle": 0,
                "axis": "y",
                "origin": [
                    0,
                    3,
                    5
                ]
            },
            "faces": {
                "north": {
                    "uv": [
                        15,
                        0,
                        15.25,
                        0.25
                    ],
                    "texture": "#backpack",
                    "tintindex": 0
                },
                "east": {
                    "uv": [
                        15,
                        0,
                        15.25,
                        0.25
                    ],
                    "texture": "#backpack",
                    "tintindex": 0
                },
                "south": {
                    "uv": [
                        15,
                        0,
                        15.25,
                        0.25
                    ],
                    "texture": "#backpack",
                    "tintindex": 0
                },
                "west": {
                    "uv": [
                        15,
                        0,
                        15.25,
                        0.25
                    ],
                    "texture": "#backpack",
                    "tintindex": 0
                },
                "up": {
                    "uv": [
                        15,
                        0,
                        15.25,
                        0.25
                    ],
                    "texture": "#backpack",
                    "tintindex": 0
                },
                "down": {
                    "uv": [
                        15,
                        0,
                        15.25,
                        0.25
                    ],
                    "texture": "#backpack",
                    "tintindex": 0
                }
            }
        },
        {
            "from": [
                11.055,
                1.325,
                17.06
            ],
            "to": [
                13.065,
                2.33,
                18.065
            ],
            "rotation": {
                "angle": 0,
                "axis": "y",
                "origin": [
                    0,
                    3,
                    5
                ]
            },
            "faces": {
                "north": {
                    "uv": [
                        15,
                        2.75,
                        15.5,
                        3
                    ],
                    "texture": "#backpack",
                    "tintindex": 0
                },
                "east": {
                    "uv": [
                        15,
                        2.75,
                        15.5,
                        3
                    ],
                    "texture": "#backpack",
                    "tintindex": 0
                },
                "south": {
                    "uv": [
                        15,
                        2.75,
                        15.5,
                        3
                    ],
                    "texture": "#backpack",
                    "tintindex": 0
                },
                "west": {
                    "uv": [
                        15,
                        2.75,
                        15.5,
                        3
                    ],
                    "texture": "#backpack",
                    "tintindex": 0
                },
                "up": {
                    "uv": [
                        15,
                        2.75,
                        15.5,
                        3
                    ],
                    "texture": "#backpack",
                    "tintindex": 0
                },
                "down": {
                    "uv": [
                        15,
                        2.75,
                        15.5,
                        3
                    ],
                    "texture": "#backpack",
                    "tintindex": 0
                }
            }
        },
        {
            "from": [
                3.015,
                1.325,
                17.06
            ],
            "to": [
                5.025,
                2.33,
                18.065
            ],
            "rotation": {
                "angle": 0,
                "axis": "y",
                "origin": [
                    0,
                    3,
                    5
                ]
            },
            "faces": {
                "north": {
                    "uv": [
                        15,
                        2.75,
                        15.5,
                        3
                    ],
                    "texture": "#backpack",
                    "tintindex": 0
                },
                "east": {
                    "uv": [
                        15,
                        2.75,
                        15.5,
                        3
                    ],
                    "texture": "#backpack",
                    "tintindex": 0
                },
                "south": {
                    "uv": [
                        15,
                        2.75,
                        15.5,
                        3
                    ],
                    "texture": "#backpack",
                    "tintindex": 0
                },
                "west": {
                    "uv": [
                        15,
                        2.75,
                        15.5,
                        3
                    ],
                    "texture": "#backpack",
                    "tintindex": 0
                },
                "up": {
                    "uv": [
                        15,
                        2.75,
                        15.5,
                        3
                    ],
                    "texture": "#backpack",
                    "tintindex": 0
                },
                "down": {
                    "uv": [
                        15,
                        2.75,
                        15.5,
                        3
                    ],
                    "texture": "#backpack",
                    "tintindex": 0
                }
            }
        },
        {
            "from": [
                11.055,
                13.385,
                18.065
            ],
            "to": [
                13.065,
                14.39,
                19.07
            ],
            "rotation": {
                "angle": 0,
                "axis": "y",
                "origin": [
                    0,
                    3,
                    5
                ]
            },
            "faces": {
                "north": {
                    "uv": [
                        15,
                        0,
                        15.25,
                        0.25
                    ],
                    "texture": "#backpack",
                    "tintindex": 0
                },
                "east": {
                    "uv": [
                        15,
                        0,
                        15.25,
                        0.25
                    ],
                    "texture": "#backpack",
                    "tintindex": 0
                },
                "south": {
                    "uv": [
                        15,
                        0,
                        15.25,
                        0.25
                    ],
                    "texture": "#backpack",
                    "tintindex": 0
                },
                "west": {
                    "uv": [
                        15,
                        0,
                        15.25,
                        0.25
                    ],
                    "texture": "#backpack",
                    "tintindex": 0
                },
                "up": {
                    "uv": [
                        15,
                        0,
                        15.25,
                        0.25
                    ],
                    "texture": "#backpack",
                    "tintindex": 0
                },
                "down": {
                    "uv": [
                        15,
                        0,
                        15.25,
                        0.25
                    ],
                    "texture": "#backpack",
                    "tintindex": 0
                }
            }
        },
        {
            "from": [
                11.055,
                1.325,
                18.065
            ],
            "to": [
                13.065,
                13.385,
                19.07
            ],
            "rotation": {
                "angle": 0,
                "axis": "y",
                "origin": [
                    0,
                    3,
                    5
                ]
            },
            "faces": {
                "north": {
                    "uv": [
                        15.5,
                        0,
                        16,
                        3
                    ],
                    "texture": "#backpack",
                    "tintindex": 0
                },
                "east": {
                    "uv": [
                        15.75,
                        0,
                        16,
                        3
                    ],
                    "texture": "#backpack",
                    "tintindex": 0
                },
                "south": {
                    "uv": [
                        15.5,
                        0,
                        16,
                        3
                    ],
                    "texture": "#backpack",
                    "tintindex": 0
                },
                "west": {
                    "uv": [
                        15.5,
                        0,
                        15.75,
                        3
                    ],
                    "texture": "#backpack",
                    "tintindex": 0
                },
                "up": {
                    "uv": [
                        15,
                        2.75,
                        15.5,
                        3
                    ],
                    "texture": "#backpack",
                    "tintindex": 0
                },
                "down": {
                    "uv": [
                        15,
                        2.75,
                        15.5,
                        3
                    ],
                    "texture": "#backpack",
                    "tintindex": 0
                }
            }
        },
        {
            "from": [
                3.015,
                1.325,
                18.065
            ],
            "to": [
                5.025,
                13.385,
                19.07
            ],
            "rotation": {
                "angle": 0,
                "axis": "y",
                "origin": [
                    0,
                    3,
                    5
                ]
            },
            "faces": {
                "north": {
                    "uv": [
                        15,
                        0,
                        15.5,
                        3
                    ],
                    "texture": "#backpack",
                    "tintindex": 0
                },
                "east": {
                    "uv": [
                        15.25,
                        0,
                        15.5,
                        3
                    ],
                    "texture": "#backpack",
                    "tintindex": 0
                },
                "south": {
                    "uv": [
                        15,
                        0,
                        15.5,
                        3
                    ],
                    "texture": "#backpack",
                    "tintindex": 0
                },
                "west": {
                    "uv": [
                        15,
                        0,
                        15.25,
                        3
                    ],
                    "texture": "#backpack",
                    "tintindex": 0
                },
                "up": {
                    "uv": [
                        15,
                        2.75,
                        15.5,
                        3
                    ],
                    "texture": "#backpack",
                    "tintindex": 0
                },
                "down": {
                    "uv": [
                        15,
                        2.75,
                        15.5,
                        3
                    ],
                    "texture": "#backpack",
                    "tintindex": 0
                }
            }
        },
        {
            "from": [
                3.015,
                9.35661,
                21.06527
            ],
            "to": [
                13.065,
                10.36161,
                22.07027
            ],
            "rotation": {
                "angle": 0,
                "axis": "y",
                "origin": [
                    0,
                    -4.04339,
                    18.05027
                ]
            },
            "faces": {
                "north": {
                    "uv": [
                        2.25,
                        1.75,
                        4.75,
                        2
                    ],
                    "texture": "#backpack",
                    "tintindex": 0
                },
                "east": {
                    "uv": [
                        2.25,
                        0,
                        2.5,
                        0.25
                    ],
                    "texture": "#backpack",
                    "tintindex": 0
                },
                "south": {
                    "uv": [
                        2.25,
                        0,
                        4.75,
                        0.25
                    ],
                    "texture": "#backpack",
                    "tintindex": 0
                },
                "west": {
                    "uv": [
                        2.25,
                        0,
                        2.5,
                        0.25
                    ],
                    "texture": "#backpack",
                    "tintindex": 0
                },
                "up": {
                    "uv": [
                        2.25,
                        0,
                        4.75,
                        0.25
                    ],
                    "texture": "#backpack",
                    "tintindex": 0
                },
                "down": {
                    "uv": [
                        2.25,
                        0,
                        4.75,
                        0.25
                    ],
                    "texture": "#backpack",
                    "tintindex": 0
                }
            }
        },
        {
            "from": [
                11.055,
                13.385,
                17.06
            ],
            "to": [
                13.065,
                14.39,
                18.065
            ],
            "rotation": {
                "angle": 0,
                "axis": "y",
                "origin": [
                    0,
                    3,
                    5
                ]
            },
            "faces": {
                "north": {
                    "uv": [
                        7.25,
                        2.75,
                        7.5,
                        3
                    ],
                    "texture": "#backpack",
                    "tintindex": 0
                },
                "east": {
                    "uv": [
                        7.25,
                        2.75,
                        7.5,
                        3
                    ],
                    "texture": "#backpack",
                    "tintindex": 0
                },
                "south": {
                    "uv": [
                        7.25,
                        2.75,
                        7.5,
                        3
                    ],
                    "texture": "#backpack",
                    "tintindex": 0
                },
                "west": {
                    "uv": [
                        7.25,
                        2.75,
                        7.5,
                        3
                    ],
                    "texture": "#backpack",
                    "tintindex": 0
                },
                "up": {
                    "uv": [
                        7.25,
                        2.75,
                        7.5,
                        3
                    ],
                    "texture": "#backpack",
                    "tintindex": 0
                },
                "down": {
                    "uv": [
                        7.25,
                        2.75,
                        7.5,
                        3
                    ],
                    "texture": "#backpack",
                    "tintindex": 0
                }
            }
        },
        {
            "from": [
                3.015,
                13.385,
                17.06
            ],
            "to": [
                5.025,
                14.39,
                18.065
            ],
            "rotation": {
                "angle": 0,
                "axis": "y",
                "origin": [
                    0,
                    3,
                    5
                ]
            },
            "faces": {
                "north": {
                    "uv": [
                        7.25,
                        2.75,
                        7.5,
                        3
                    ],
                    "texture": "#backpack",
                    "tintindex": 0
                },
                "east": {
                    "uv": [
                        7.25,
                        2.75,
                        7.5,
                        3
                    ],
                    "texture": "#backpack",
                    "tintindex": 0
                },
                "south": {
                    "uv": [
                        7.25,
                        2.75,
                        7.5,
                        3
                    ],
                    "texture": "#backpack",
                    "tintindex": 0
                },
                "west": {
                    "uv": [
                        7.25,
                        2.75,
                        7.5,
                        3
                    ],
                    "texture": "#backpack",
                    "tintindex": 0
                },
                "up": {
                    "uv": [
                        7.25,
                        2.75,
                        7.5,
                        3
                    ],
                    "texture": "#backpack",
                    "tintindex": 0
                },
                "down": {
                    "uv": [
                        7.25,
                        2.75,
                        7.5,
                        3
                    ],
                    "texture": "#backpack",
                    "tintindex": 0
                }
            }
        },
        {
            "from": [
                3.015,
                14.39,
                17.06
            ],
            "to": [
                13.065,
                16.4,
                18.065
            ],
            "rotation": {
                "angle": 0,
                "axis": "y",
                "origin": [
                    0,
                    3,
                    5
                ]
            },
            "faces": {
                "north": {
                    "uv": [
                        7.25,
                        2,
                        9.75,
                        2.5
                    ],
                    "texture": "#backpack",
                    "tintindex": 0
                },
                "east": {
                    "uv": [
                        7.25,
                        2,
                        7.5,
                        2.5
                    ],
                    "texture": "#backpack",
                    "tintindex": 0
                },
                "south": {
                    "uv": [
                        7.25,
                        2,
                        9.75,
                        2.5
                    ],
                    "texture": "#backpack",
                    "tintindex": 0
                },
                "west": {
                    "uv": [
                        7.25,
                        2,
                        7.5,
                        2.5
                    ],
                    "texture": "#backpack",
                    "tintindex": 0
                },
                "up": {
                    "uv": [
                        7.25,
                        2,
                        9.75,
                        2.25
                    ],
                    "texture": "#backpack",
                    "tintindex": 0
                },
                "down": {
                    "uv": [
                        7.25,
                        2.25,
                        9.75,
                        2.5
                    ],
                    "texture": "#backpack",
                    "tintindex": 0
                }
            }
        },
        {
            "from": [
                7.035,
                7.355,
                8.5175
            ],
            "to": [
                9.045,
                11.375,
                9.02
            ],
            "rotation": {
                "angle": 0,
                "axis": "y",
                "origin": [
                    0,
                    3,
                    5
                ]
            },
            "faces": {
                "north": {
                    "uv": [
                        3.25,
                        3.25,
                        3.75,
                        4.25
                    ],
                    "texture": "#backpack",
                    "tintindex": 0
                },
                "east": {
                    "uv": [
                        3.25,
                        3.25,
                        3.5,
                        4.25
                    ],
                    "texture": "#backpack",
                    "tintindex": 0
                },
                "south": {
                    "uv": [
                        3.25,
                        3.25,
                        3.75,
                        4.25
                    ],
                    "texture": "#backpack",
                    "tintindex": 0
                },
                "west": {
                    "uv": [
                        3.5,
                        3.25,
                        3.75,
                        4.25
                    ],
                    "texture": "#backpack",
                    "tintindex": 0
                },
                "up": {
                    "uv": [
                        3.25,
                        3.25,
                        3.75,
                        3.5
                    ],
                    "texture": "#backpack",
                    "tintindex": 0
                },
                "down": {
                    "uv": [
                        3.25,
                        3.25,
                        3.75,
                        3.5
                    ],
                    "texture": "#backpack",
                    "tintindex": 0
                }
            }
        },
        {
            "from": [
                2.01,
                0.32,
                9.02
            ],
            "to": [
                14.07,
                16.4,
                17.06
            ],
            "rotation": {
                "angle": 0,
                "axis": "y",
                "origin": [
                    0,
                    3,
                    5
                ]
            },
            "faces": {
                "north": {
                    "uv": [
                        2,
                        2,
                        5,
                        6
                    ],
                    "texture": "#backpack",
                    "tintindex": 0
                },
                "east": {
                    "uv": [
                        0,
                        2,
                        2,
                        6
                    ],
                    "texture": "#backpack",
                    "tintindex": 0
                },
                "south": {
                    "uv": [
                        7,
                        2,
                        10,
                        6
                    ],
                    "texture": "#backpack",
                    "tintindex": 0
                },
                "west": {
                    "uv": [
                        5,
                        2,
                        7,
                        6
                    ],
                    "texture": "#backpack",
                    "tintindex": 0
                },
                "up": {
                    "uv": [
                        0,
                        14,
                        3,
                        16
                    ],
                    "texture": "#backpack",
                    "tintindex": 0
                },
                "down": {
                    "uv": [
                        5,
                        0,
                        8,
                        2
                    ],
                    "texture": "#backpack",
                    "tintindex": 0
                }
            }
        },
        {
            "from": [
                -0.5025,
                0.32,
                12.035
            ],
            "to": [
                0,
                8.36,
                14.045
            ],
            "rotation": {
                "angle": 0,
                "axis": "y",
                "origin": [
                    0,
                    3,
                    5
                ]
            },
            "faces": {
                "north": {
                    "uv": [
                        15,
                        3.5,
                        15.25,
                        5.5
                    ],
                    "texture": "#backpack",
                    "tintindex": 3
                },
                "east": {
                    "uv": [
                        15,
                        3.5,
                        15.5,
                        5.5
                    ],
                    "texture": "#backpack",
                    "tintindex": 3
                },
                "south": {
                    "uv": [
                        15.25,
                        3.5,
                        15.5,
                        5.5
                    ],
                    "texture": "#backpack",
                    "tintindex": 3
                },
                "west": {
                    "uv": [
                        15,
                        3.5,
                        15.5,
                        5.5
                    ],
                    "texture": "#backpack",
                    "tintindex": 3
                },
                "up": {
                    "uv": [
                        15,
                        3.5,
                        15.25,
                        4
                    ],
                    "texture": "#backpack",
                    "tintindex": 3
                },
                "down": {
                    "uv": [
                        15,
                        5.25,
                        15.25,
                        5.5
                    ],
                    "texture": "#backpack",
                    "tintindex": 3
                }
            }
        },
        {
            "from": [
                0,
                1.325,
                10.025
            ],
            "to": [
                2.01,
                9.365,
                16.055
            ],
            "rotation": {
                "angle": 0,
                "axis": "y",
                "origin": [
                    0,
                    3,
                    5
                ]
            },
            "faces": {
                "north": {
                    "uv": [
                        10,
                        3.5,
                        10.5,
                        5.5
                    ],
                    "texture": "#backpack",
                    "tintindex": 3
                },
                "east": {
                    "uv": [
                        42,
                        14,
                        48,
                        22
                    ],
                    "texture": "#backpack",
                    "tintindex": 3
                },
                "south": {
                    "uv": [
                        12,
                        3.5,
                        12.5,
                        5.5
                    ],
                    "texture": "#backpack",
                    "tintindex": 3
                },
                "west": {
                    "uv": [
                        13,
                        3.5,
                        14.5,
                        5.5
                    ],
                    "texture": "#backpack",
                    "tintindex": 3
                },
                "up": {
                    "uv": [
                        12.5,
                        2,
                        13,
                        3.5
                    ],
                    "texture": "#backpack",
                    "tintindex": 3
                },
                "down": {
                    "uv": [
                        12,
                        2,
                        12.5,
                        3.5
                    ],
                    "texture": "#backpack",
                    "tintindex": 3
                }
            }
        },
        {
            "from": [
                14.07,
                1.325,
                10.025
            ],
            "to": [
                16.08,
                9.365,
                16.055
            ],
            "rotation": {
                "angle": 0,
                "axis": "y",
                "origin": [
                    0,
                    3,
                    5
                ]
            },
            "faces": {
                "north": {
                    "uv": [
                        12,
                        3.5,
                        12.5,
                        5.5
                    ],
                    "texture": "#backpack",
                    "tintindex": 4
                },
                "east": {
                    "uv": [
                        13,
                        3.5,
                        14.5,
                        5.5
                    ],
                    "texture": "#backpack",
                    "tintindex": 4
                },
                "south": {
                    "uv": [
                        10,
                        3.5,
                        10.5,
                        5.5
                    ],
                    "texture": "#backpack",
                    "tintindex": 4
                },
                "west": {
                    "uv": [
                        10.5,
                        3.5,
                        12,
                        5.5
                    ],
                    "texture": "#backpack",
                    "tintindex": 4
                },
                "up": {
                    "uv": [
                        10,
                        2,
                        10.5,
                        3.5
                    ],
                    "texture": "#backpack",
                    "tintindex": 4
                },
                "down": {
                    "uv": [
                        14.5,
                        2,
                        15,
                        3.5
                    ],
                    "texture": "#backpack",
                    "tintindex": 4
                }
            }
        },
        {
            "from": [
                16.08,
                0.32,
                12.035
            ],
            "to": [
                16.5825,
                8.36,
                14.045
            ],
            "rotation": {
                "angle": 0,
                "axis": "y",
                "origin": [
                    0,
                    3,
                    5
                ]
            },
            "faces": {
                "north": {
                    "uv": [
                        15,
                        3.5,
                        15.25,
                        5.5
                    ],
                    "texture": "#backpack",
                    "tintindex": 4
                },
                "east": {
                    "uv": [
                        15.5,
                        3.5,
                        16,
                        5.5
                    ],
                    "texture": "#backpack",
                    "tintindex": 4
                },
                "south": {
                    "uv": [
                        15.25,
                        3.5,
                        15.5,
                        5.5
                    ],
                    "texture": "#backpack",
                    "tintindex": 4
                },
                "west": {
                    "uv": [
                        15.5,
                        3.5,
                        16,
                        5.5
                    ],
                    "texture": "#backpack",
                    "tintindex": 4
                },
                "up": {
                    "uv": [
                        15,
                        3.5,
                        15.25,
                        4
                    ],
                    "texture": "#backpack",
                    "tintindex": 4
                },
                "down": {
                    "uv": [
                        15,
                        5.25,
                        15.25,
                        5.5
                    ],
                    "texture": "#backpack",
                    "tintindex": 4
                }
            }
        },
        {
            "from": [
                3.015,
                1.325,
                7.01
            ],
            "to": [
                13.065,
                7.355,
                9.02
            ],
            "rotation": {
                "angle": 0,
                "axis": "y",
                "origin": [
                    0,
                    3,
                    5
                ]
            },
            "faces": {
                "north": {
                    "uv": [
                        0.5,
                        6.5,
                        3,
                        8
                    ],
                    "texture": "#backpack",
                    "tintindex": 2
                },
                "east": {
                    "uv": [
                        0,
                        6.5,
                        0.5,
                        8
                    ],
                    "texture": "#backpack",
                    "tintindex": 2
                },
                "south": {
                    "uv": [
                        0.5,
                        6.5,
                        3,
                        8
                    ],
                    "texture": "#backpack",
                    "tintindex": 2
                },
                "west": {
                    "uv": [
                        3,
                        6.5,
                        3.5,
                        8
                    ],
                    "texture": "#backpack",
                    "tintindex": 2
                },
                "up": {
                    "uv": [
                        0.5,
                        6,
                        3,
                        6.5
                    ],
                    "texture": "#backpack",
                    "tintindex": 2
                },
                "down": {
                    "uv": [
                        0.5,
                        8,
                        3,
                        8.5
                    ],
                    "texture": "#backpack",
                    "tintindex": 2
                }
            }
        },
        {
            "from": [
                5.025,
                0.32,
                6.5075
            ],
            "to": [
                6.03,
                6.35,
                7.01
            ],
            "rotation": {
                "angle": 0,
                "axis": "y",
                "origin": [
                    0,
                    3,
                    5
                ]
            },
            "faces": {
                "north": {
                    "uv": [
                        3.5,
                        6.5,
                        3.75,
                        8
                    ],
                    "texture": "#backpack",
                    "tintindex": 2
                },
                "east": {
                    "uv": [
                        3.5,
                        6.5,
                        3.75,
                        8
                    ],
                    "texture": "#backpack",
                    "tintindex": 2
                },
                "south": {
                    "uv": [
                        3.5,
                        6.5,
                        3.75,
                        8
                    ],
                    "texture": "#backpack",
                    "tintindex": 2
                },
                "west": {
                    "uv": [
                        3.5,
                        6.5,
                        3.75,
                        8
                    ],
                    "texture": "#backpack",
                    "tintindex": 2
                },
                "up": {
                    "uv": [
                        3.5,
                        6.5,
                        3.75,
                        6.75
                    ],
                    "texture": "#backpack",
                    "tintindex": 2
                },
                "down": {
                    "uv": [
                        3.5,
                        7.75,
                        3.75,
                        8
                    ],
                    "texture": "#backpack",
                    "tintindex": 2
                }
            }
        },
        {
            "from": [
                10.05,
                0.32,
                6.5075
            ],
            "to": [
                11.055,
                6.35,
                7.01
            ],
            "rotation": {
                "angle": 0,
                "axis": "y",
                "origin": [
                    0,
                    3,
                    5
                ]
            },
            "faces": {
                "north": {
                    "uv": [
                        3.5,
                        6.5,
                        3.75,
                        8
                    ],
                    "texture": "#backpack",
                    "tintindex": 2
                },
                "east": {
                    "uv": [
                        3.5,
                        6.5,
                        3.75,
                        8
                    ],
                    "texture": "#backpack",
                    "tintindex": 2
                },
                "south": {
                    "uv": [
                        3.5,
                        6.5,
                        3.75,
                        8
                    ],
                    "texture": "#backpack",
                    "tintindex": 2
                },
                "west": {
                    "uv": [
                        3.5,
                        6.5,
                        3.75,
                        8
                    ],
                    "texture": "#backpack",
                    "tintindex": 2
                },
                "up": {
                    "uv": [
                        3.5,
                        6.5,
                        3.75,
                        6.75
                    ],
                    "texture": "#backpack",
                    "tintindex": 2
                },
                "down": {
                    "uv": [
                        3.5,
                        7.75,
                        3.75,
                        8
                    ],
                    "texture": "#backpack",
                    "tintindex": 2
                }
            }
        },
        {
            "from": [
                3.015,
                15.79557,
                21.58365
            ],
            "to": [
                13.065,
                23.83557,
                22.58865
            ],
            "rotation": {
                "angle": -22.5,
                "axis": "x",
                "origin": [
                    0,
                    11.77557,
                    35.98865
                ]
            },
            "faces": {
                "north": {
                    "uv": [
                        2.25,
                        0,
                        4.75,
                        2
                    ],
                    "rotation": 180,
                    "texture": "#backpack",
                    "tintindex": 1
                },
                "east": {
                    "uv": [
                        0,
                        0.25,
                        2,
                        0.5
                    ],
                    "rotation": 90,
                    "texture": "#backpack",
                    "tintindex": 1
                },
                "south": {
                    "uv": [
                        2.25,
                        0,
                        4.75,
                        2
                    ],
                    "texture": "#backpack",
                    "tintindex": 1
                },
                "west": {
                    "uv": [
                        0,
                        0,
                        2,
                        0.25
                    ],
                    "rotation": 270,
                    "texture": "#backpack",
                    "tintindex": 1
                },
                "up": {
                    "uv": [
                        2.25,
                        0,
                        4.75,
                        0.25
                    ],
                    "texture": "#backpack",
                    "tintindex": 1
                },
                "down": {
                    "uv": [
                        2.25,
                        1.75,
                        4.75,
                        2
                    ],
                    "rotation": 180,
                    "texture": "#backpack",
                    "tintindex": 1
                }
            }
        },
        {
            "from": [
                3.015,
                5.33661,
                21.06527
            ],
            "to": [
                13.065,
                9.35661,
                22.07027
            ],
            "rotation": {
                "angle": 0,
                "axis": "x",
                "origin": [
                    0,
                    18.73661,
                    25.08527
                ]
            },
            "faces": {
                "north": {
                    "uv": [
                        2.25,
                        2,
                        4.75,
                        3
                    ],
                    "rotation": 180,
                    "texture": "#backpack",
                    "tintindex": 1
                },
                "east": {
                    "uv": [
                        2.25,
                        2,
                        2.5,
                        3
                    ],
                    "rotation": 180,
                    "texture": "#backpack",
                    "tintindex": 1
                },
                "south": {
                    "uv": [
                        2.25,
                        2,
                        4.75,
                        3
                    ],
                    "rotation": 180,
                    "texture": "#backpack",
                    "tintindex": 1
                },
                "west": {
                    "uv": [
                        4.5,
                        2,
                        4.75,
                        3
                    ],
                    "rotation": 180,
                    "texture": "#backpack",
                    "tintindex": 1
                },
                "up": {
                    "uv": [
                        2.25,
                        2.75,
                        4.75,
                        3
                    ],
                    "texture": "#backpack",
                    "tintindex": 1
                },
                "down": {
                    "uv": [
                        2.25,
                        2,
                        4.75,
                        2.25
                    ],
                    "texture": "#backpack",
                    "tintindex": 1
                }
            }
        },
        {
            "from": [
                4.015,
                4.33161,
                21.06527
            ],
            "to": [
                12.055,
                5.33661,
                22.07027
            ],
            "rotation": {
                "angle": 0,
                "axis": "y",
                "origin": [
                    -0.005,
                    -4.04339,
                    18.05027
                ]
            },
            "faces": {
                "north": {
                    "uv": [
                        2.5,
                        3,
                        4.5,
                        3.25
                    ],
                    "texture": "#backpack",
                    "tintindex": 1
                },
                "east": {
                    "uv": [
                        2.5,
                        3,
                        2.75,
                        3.25
                    ],
                    "texture": "#backpack",
                    "tintindex": 1
                },
                "south": {
                    "uv": [
                        2.5,
                        3,
                        4.5,
                        3.25
                    ],
                    "texture": "#backpack",
                    "tintindex": 1
                },
                "west": {
                    "uv": [
                        2.5,
                        3,
                        2.75,
                        3.25
                    ],
                    "texture": "#backpack",
                    "tintindex": 1
                },
                "up": {
                    "uv": [
                        5.5,
                        4,
                        6.75,
                        4.25
                    ],
                    "texture": "#backpack",
                    "tintindex": 1
                },
                "down": {
                    "uv": [
                        2.5,
                        3,
                        4.5,
                        3.25
                    ],
                    "texture": "#backpack",
                    "tintindex": 1
                }
            }
        },
        {
            "from": [
                7.035,
                4.375,
                22.0625
            ],
            "to": [
                9.045,
                6.385,
                22.49
            ],
            "rotation": {
                "angle": 0,
                "axis": "y",
                "origin": [
                    0,
                    -4,
                    19.925
                ]
            },
            "faces": {
                "north": {
                    "uv": [
                        3.25,
                        2.75,
                        3.75,
                        3.25
                    ],
                    "texture": "#backpack",
                    "tintindex": 1
                },
                "east": {
                    "uv": [
                        3.25,
                        2.75,
                        3.5,
                        3.25
                    ],
                    "texture": "#backpack",
                    "tintindex": 1
                },
                "south": {
                    "uv": [
                        3.25,
                        2.75,
                        3.75,
                        3.25
                    ],
                    "texture": "#backpack",
                    "tintindex": 1
                },
                "west": {
                    "uv": [
                        3.5,
                        2.75,
                        3.75,
                        3.25
                    ],
                    "texture": "#backpack",
                    "tintindex": 1
                },
                "up": {
                    "uv": [
                        3.25,
                        2.75,
                        3.75,
                        3
                    ],
                    "texture": "#backpack",
                    "tintindex": 1
                },
                "down": {
                    "uv": [
                        3.25,
                        3,
                        3.75,
                        3.25
                    ],
                    "texture": "#backpack",
                    "tintindex": 1
                }
            }
        },
        {
            "from": [
                7.035,
                4.375,
                20.2125
            ],
            "to": [
                9.045,
                6.385,
                21.09
            ],
            "rotation": {
                "angle": 0,
                "axis": "y",
                "origin": [
                    0,
                    -4,
                    18.075
                ]
            },
            "faces": {
                "north": {
                    "uv": [
                        3.25,
                        2.75,
                        3.75,
                        3.25
                    ],
                    "texture": "#backpack",
                    "tintindex": 1
                },
                "east": {
                    "uv": [
                        3.25,
                        2.75,
                        3.5,
                        3.25
                    ],
                    "texture": "#backpack",
                    "tintindex": 1
                },
                "south": {
                    "uv": [
                        3.25,
                        2.75,
                        3.75,
                        3.25
                    ],
                    "texture": "#backpack",
                    "tintindex": 1
                },
                "west": {
                    "uv": [
                        3.5,
                        2.75,
                        3.75,
                        3.25
                    ],
                    "texture": "#backpack",
                    "tintindex": 1
                },
                "up": {
                    "uv": [
                        3.25,
                        2.75,
                        3.75,
                        3
                    ],
                    "texture": "#backpack",
                    "tintindex": 1
                },
                "down": {
                    "uv": [
                        3.25,
                        3,
                        3.75,
                        3.25
                    ],
                    "texture": "#backpack",
                    "tintindex": 1
                }
            }
        },
        {
            "from": [
                3.015,
                16.4,
                17.06
            ],
            "to": [
                13.065,
                17.405,
                18.065
            ],
            "rotation": {
                "angle": 0,
                "axis": "y",
                "origin": [
                    0,
                    3,
                    5
                ]
            },
            "faces": {
                "north": {
                    "uv": [
                        2.25,
                        2,
                        4.75,
                        2.25
                    ],
                    "texture": "#backpack",
                    "tintindex": 1
                },
                "east": {
                    "uv": [
                        4.5,
                        2,
                        4.75,
                        2.25
                    ],
                    "texture": "#backpack",
                    "tintindex": 1
                },
                "south": {
                    "uv": [
                        2.25,
                        2,
                        4.75,
                        2.25
                    ],
                    "texture": "#backpack",
                    "tintindex": 1
                },
                "west": {
                    "uv": [
                        2.25,
                        2,
                        2.5,
                        2.25
                    ],
                    "texture": "#backpack",
                    "tintindex": 1
                },
                "up": {
                    "uv": [
                        2.25,
                        2,
                        4.75,
                        2.25
                    ],
                    "texture": "#backpack",
                    "tintindex": 1
                },
                "down": {
                    "uv": [
                        2.25,
                        2,
                        4.75,
                        2.25
                    ],
                    "texture": "#backpack",
                    "tintindex": 1
                }
            }
        },
        {
            "name": "detail",
            "from": [
                4.98,
                2.252,
                6.42575
            ],
            "to": [
                6.0855,
                4.485,
                6.9785
            ],
            "rotation": {
                "angle": 0,
                "axis": "y",
                "origin": [
                    -6.075,
                    3,
                    4.7675
                ]
            },
            "faces": {
                "north": {
                    "uv": [
                        3.5,
                        7,
                        3.75,
                        7.5
                    ],
                    "texture": "#backpack",
                    "tintindex": 5
                },
                "east": {
                    "uv": [
                        3.5,
                        7,
                        3.75,
                        7.5
                    ],
                    "texture": "#backpack",
                    "tintindex": 5
                },
                "south": {
                    "uv": [
                        3.5,
                        7,
                        3.75,
                        7.5
                    ],
                    "texture": "#backpack",
                    "tintindex": 5
                },
                "west": {
                    "uv": [
                        3.5,
                        7,
                        3.75,
                        7.5
                    ],
                    "texture": "#backpack",
                    "tintindex": 5
                },
                "up": {
                    "uv": [
                        3.5,
                        7,
                        3.75,
                        7.25
                    ],
                    "texture": "#backpack",
                    "tintindex": 5
                },
                "down": {
                    "uv": [
                        3.5,
                        7,
                        3.75,
                        7.25
                    ],
                    "texture": "#backpack",
                    "tintindex": 5
                }
            }
        },
        {
            "name": "detail",
            "from": [
                10.005,
                2.252,
                6.42575
            ],
            "to": [
                11.1105,
                4.485,
                6.9785
            ],
            "rotation": {
                "angle": 0,
                "axis": "y",
                "origin": [
                    -1.05,
                    3,
                    4.7675
                ]
            },
            "faces": {
                "north": {
                    "uv": [
                        3.5,
                        7,
                        3.75,
                        7.5
                    ],
                    "texture": "#backpack",
                    "tintindex": 5
                },
                "east": {
                    "uv": [
                        3.5,
                        7,
                        3.75,
                        7.5
                    ],
                    "texture": "#backpack",
                    "tintindex": 5
                },
                "south": {
                    "uv": [
                        3.5,
                        7,
                        3.75,
                        7.5
                    ],
                    "texture": "#backpack",
                    "tintindex": 5
                },
                "west": {
                    "uv": [
                        3.5,
                        7,
                        3.75,
                        7.5
                    ],
                    "texture": "#backpack",
                    "tintindex": 5
                },
                "up": {
                    "uv": [
                        3.5,
                        7,
                        3.75,
                        7.25
                    ],
                    "texture": "#backpack",
                    "tintindex": 5
                },
                "down": {
                    "uv": [
                        3.5,
                        7,
                        3.75,
                        7.25
                    ],
                    "texture": "#backpack",
                    "tintindex": 5
                }
            }
        },
        {
            "name": "detail",
            "from": [
                16.113,
                4.302,
                11.9385
            ],
            "to": [
                16.66575,
                5.446,
                14.1495
            ],
            "rotation": {
                "angle": 0,
                "axis": "y",
                "origin": [
                    -1.575,
                    2.85,
                    4.2
                ]
            },
            "faces": {
                "north": {
                    "uv": [
                        15.75,
                        4.25,
                        16,
                        4.5
                    ],
                    "texture": "#backpack",
                    "tintindex": 5
                },
                "east": {
                    "uv": [
                        15.5,
                        4.25,
                        16,
                        4.5
                    ],
                    "texture": "#backpack",
                    "tintindex": 5
                },
                "south": {
                    "uv": [
                        15.5,
                        4.25,
                        15.75,
                        4.5
                    ],
                    "texture": "#backpack",
                    "tintindex": 5
                },
                "west": {
                    "uv": [
                        15.5,
                        4.25,
                        16,
                        4.5
                    ],
                    "texture": "#backpack",
                    "tintindex": 5
                },
                "up": {
                    "uv": [
                        15,
                        4.25,
                        15.5,
                        4.5
                    ],
                    "rotation": 90,
                    "texture": "#backpack",
                    "tintindex": 5
                },
                "down": {
                    "uv": [
                        15.5,
                        4.25,
                        16,
                        4.5
                    ],
                    "rotation": 90,
                    "texture": "#backpack",
                    "tintindex": 5
                }
            }
        },
        {
            "name": "detail",
            "from": [
                -0.66575,
                4.302,
                11.9385
            ],
            "to": [
                -0.113,
                5.446,
                14.1495
            ],
            "rotation": {
                "angle": 0,
                "axis": "y",
                "origin": [
                    17.575,
                    2.85,
                    4.2
                ]
            },
            "faces": {
                "north": {
                    "uv": [
                        16,
                        4.25,
                        15.75,
                        4.5
                    ],
                    "texture": "#backpack",
                    "tintindex": 5
                },
                "east": {
                    "uv": [
                        16,
                        4.25,
                        15.5,
                        4.5
                    ],
                    "texture": "#backpack",
                    "tintindex": 5
                },
                "south": {
                    "uv": [
                        15.75,
                        4.25,
                        15.5,
                        4.5
                    ],
                    "texture": "#backpack",
                    "tintindex": 5
                },
                "west": {
                    "uv": [
                        16,
                        4.25,
                        15.5,
                        4.5
                    ],
                    "texture": "#backpack",
                    "tintindex": 5
                },
                "up": {
                    "uv": [
                        15,
                        4.5,
                        15.5,
                        4.25
                    ],
                    "rotation": 90,
                    "texture": "#backpack",
                    "tintindex": 5
                },
                "down": {
                    "uv": [
                        15.5,
                        4.5,
                        16,
                        4.25
                    ],
                    "rotation": 90,
                    "texture": "#backpack",
                    "tintindex": 5
                }
            }
        },
        {
            "name": "detail",
            "from": [
                6.9385,
                10.357,
                8.03875
            ],
            "to": [
                9.1495,
                11.4625,
                9.14425
            ],
            "rotation": {
                "angle": 0,
                "axis": "y",
                "origin": [
                    -0.8,
                    2.25,
                    5.275
                ]
            },
            "faces": {
                "north": {
                    "uv": [
                        3.25,
                        3.25,
                        3.75,
                        3.5
                    ],
                    "texture": "#backpack",
                    "tintindex": 5
                },
                "east": {
                    "uv": [
                        3.25,
                        3.25,
                        3.5,
                        3.5
                    ],
                    "texture": "#backpack",
                    "tintindex": 5
                },
                "south": {
                    "uv": [
                        3.25,
                        3.25,
                        3.75,
                        3.5
                    ],
                    "texture": "#backpack",
                    "tintindex": 5
                },
                "west": {
                    "uv": [
                        3.5,
                        3.25,
                        3.75,
                        3.5
                    ],
                    "texture": "#backpack",
                    "tintindex": 5
                },
                "up": {
                    "uv": [
                        3.25,
                        3.25,
                        3.75,
                        3.5
                    ],
                    "texture": "#backpack",
                    "tintindex": 5
                },
                "down": {
                    "uv": [
                        3.25,
                        3.25,
                        3.75,
                        3.5
                    ],
                    "texture": "#backpack",
                    "tintindex": 5
                }
            }
        }
    ],
    "gui_light": "front",
    "display": {
        "thirdperson_righthand": {
            "rotation": [
                74,
                99,
                -3
            ],
            "translation": [
                -0.75,
                -1,
                -2.5
            ],
            "scale": [
                0.4,
                0.4,
                0.4
            ]
        },
        "thirdperson_lefthand": {
            "rotation": [
                79,
                -180,
                -1
            ],
            "translation": [
                -4.75,
                -1.25,
                -0.75
            ],
            "scale": [
                0.65,
                0.65,
                0.65
            ]
        },
        "firstperson_righthand": {
            "rotation": [
                0,
                102,
                0
            ],
            "translation": [
                -0.25,
                0,
                0
            ],
            "scale": [
                0.5,
                0.5,
                0.5
            ]
        },
        "firstperson_lefthand": {
            "rotation": [
                30,
                -180,
                0
            ],
            "translation": [
                -9.25,
                -1.5,
                0
            ],
            "scale": [
                0.7,
                0.7,
                0.7
            ]
        },
        "ground": {
            "rotation": [
                -90,
                -180,
                0
            ],
            "translation": [
                0,
                3.5,
                2
            ],
            "scale": [
                0.65,
                0.65,
                0.65
            ]
        },
        "gui": {
            "rotation": [
                45,
                -180,
                0
            ],
            "translation": [
                0,
                -3.5,
                0
            ],
            "scale": [
                0.8,
                0.8,
                0.8
            ]
        },
        "head": {
            "rotation": [
                0,
                -180,
                0
            ],
            "translation": [
                0,
                0,
                16
            ]
        },
        "fixed": {
            "translation": [
                0,
                -0.5,
                -7.25
            ]
        }
    },
    "groups": [
        {
            "name": "body",
            "origin": [
                8,
                8,
                8
            ],
            "color": 0,
            "children": [
                0,
                1,
                2,
                3,
                4,
                5,
                6,
                7,
                8,
                9,
                10,
                11
            ]
        },
        {
            "name": "right_pocket",
            "origin": [
                0,
                3,
                5
            ],
            "color": 0,
            "children": [
                12,
                13
            ]
        },
        {
            "name": "left_pocket",
            "origin": [
                0,
                3,
                5
            ],
            "color": 0,
            "children": [
                14,
                15
            ]
        },
        {
            "name": "big_pocket",
            "origin": [
                0,
                3,
                5
            ],
            "color": 0,
            "children": [
                16,
                17,
                18
            ]
        },
        {
            "name": "top",
            "origin": [
                0,
                3,
                5
            ],
            "color": 0,
            "children": [
                19,
                20,
                21,
                22,
                23,
                24
            ]
        },
        {
            "name": "detail",
            "origin": [
                -0.8,
                2.25,
                5.275
            ],
            "color": 0,
            "children": [
                25,
                26,
                27,
                28,
                29
            ]
        }
    ]
}