{"credit":"Made with Blockbench","textures":{"0":"simpledrawer:block/chest"},"elements":[{"from":[1,0,1],"to":[15,10,15],"faces":{"north":{"uv":[10.5,8.25,14,10.75],"rotation":180,"texture":"#0"},"east":{"uv":[7,8.25,10.5,10.75],"rotation":180,"texture":"#0"},"south":{"uv":[3.5,8.25,7,10.75],"rotation":180,"texture":"#0"},"west":{"uv":[0,8.25,3.5,10.75],"rotation":180,"texture":"#0"},"up":{"uv":[7,4.75,10.5,8.25],"texture":"#0"},"down":{"uv":[3.5,4.75,7,8.25],"texture":"#0"}}},{"from":[1,10,1],"to":[15,14,15],"faces":{"north":{"uv":[10.5,3.75,14,4.75],"rotation":180,"texture":"#0"},"east":{"uv":[7,3.75,10.5,4.75],"rotation":180,"texture":"#0"},"south":{"uv":[3.5,3.75,7,4.75],"rotation":180,"texture":"#0"},"west":{"uv":[0,3.75,3.5,4.75],"rotation":180,"texture":"#0"},"up":{"uv":[7,0,10.5,3.5],"texture":"#0"},"down":{"uv":[3.5,0,7,3.5],"texture":"#0"}}},{"from":[7,7,0],"to":[9,11,2],"rotation":{"angle":0,"axis":"y","origin":[0,-1,0]},"faces":{"north":{"uv":[0.25,0.25,0.75,1.25],"rotation":180,"texture":"#0"},"east":{"uv":[0,0.25,0.25,1.25],"rotation":180,"texture":"#0"},"south":{"uv":[1,0.25,1.5,1.25],"rotation":180,"texture":"#0"},"west":{"uv":[0.75,0.25,1,1.25],"rotation":180,"texture":"#0"},"up":{"uv":[0.25,0,0.75,0.25],"rotation":180,"texture":"#0"},"down":{"uv":[0.75,0,1.25,0.25],"rotation":180,"texture":"#0"}}}]}